project,total,found,exact_set_match,missing,unavailable
ant-ivy,1771,1771,280,0,0
commons-bcel,825,825,221,0,0
commons-beanutils,611,611,195,0,0
commons-codec,761,761,245,0,0
commons-collections,1823,1823,721,0,0
commons-compress,1630,1630,525,0,0
commons-configuration,1838,1838,483,0,0
commons-dbcp,1037,1037,371,0,0
commons-digester,1079,1079,531,0,0
commons-io,1142,1142,381,0,0
commons-jcs,831,831,206,0,0
commons-lang,2969,2969,925,0,0
commons-math,4026,4026,1792,0,0
commons-net,1121,1121,262,0,0
commons-scxml,544,544,181,0,0
commons-validator,598,598,140,0,0
commons-vfs,1110,1110,433,0,0
giraph,844,844,164,0,0
gora,553,553,134,0,0
opennlp,1086,1085,326,0,1
parquet-mr,1120,1119,239,0,1
