RQ1_VISIBLE_N,RQ1_commits,candidates_lost,candidates_retained,commits_losing_ge1_candidate,commits_losing_ge1_positive,commits_total,commits_truncated,max_length,negatives_lost,negatives_retained,pct_truncated,positives_lost,positives_retained,representation,split
0,0,0,0,0,0,16374,3033,2048,0,0,18.523268596555514,0,0,CHANGED_ONLY,train
0,0,0,0,0,0,5465,899,2048,0,0,16.45013723696249,0,0,CHANGED_ONLY,valid
304,413,6341,7071,109,92,5480,1088,2048,5791,5909,19.854014598540147,550,1162,CHANGED_ONLY,test
304,413,6341,7071,109,92,413,169,2048,5791,5909,40.92009685230024,550,1162,CHANGED_ONLY,rq1_primary
0,0,0,0,0,0,16374,1570,4096,0,0,9.588371808965434,0,0,CHANGED_ONLY,train
0,0,0,0,0,0,5465,440,4096,0,0,8.051235132662397,0,0,CHANGED_ONLY,valid
345,413,3959,9453,68,59,5480,586,4096,3671,8029,10.693430656934307,288,1424,CHANGED_ONLY,test
345,413,3959,9453,68,59,413,112,4096,3671,8029,27.11864406779661,288,1424,CHANGED_ONLY,rq1_primary
244,413,8736,4675,169,148,27319,8723,2048,7886,3814,31.93015849774882,850,861,CTX3,all
244,413,8736,4675,169,148,413,230,2048,7886,3814,55.69007263922518,850,861,CTX3,rq1_primary
312,413,6295,7116,101,89,27319,4998,4096,5784,5916,18.294959551960176,511,1200,CTX3,all
312,413,6295,7116,101,89,413,156,4096,5784,5916,37.77239709443099,511,1200,CTX3,rq1_primary
