archive_path,is_directory,uncompressed_size,compressed_size,compression_method,CRC32
data/,true,0,0,0,00000000
data/cc2vec/,true,0,0,0,00000000
data/cc2vec/projects_train.pkl,false,4,6,8,7938aebf
__MACOSX/,true,0,0,0,00000000
__MACOSX/data/,true,0,0,0,00000000
__MACOSX/data/cc2vec/,true,0,0,0,00000000
__MACOSX/data/cc2vec/._projects_train.pkl,false,187,110,8,6be4b2cf
data/cc2vec/dataset_dict.pkl,false,988630,462863,8,4e0bac32
__MACOSX/data/cc2vec/._dataset_dict.pkl,false,187,110,8,6be4b2cf
data/cc2vec/features_test.pkl,false,7584994,1553854,8,1aa4060c
__MACOSX/data/cc2vec/._features_test.pkl,false,187,110,8,6be4b2cf
data/cc2vec/projects_test.pkl,false,4,6,8,7938aebf
__MACOSX/data/cc2vec/._projects_test.pkl,false,187,110,8,6be4b2cf
data/cc2vec/features_train.pkl,false,21103387,4322767,8,86675811
__MACOSX/data/cc2vec/._features_train.pkl,false,187,110,8,02033497
__MACOSX/data/._cc2vec,false,187,104,8,5ca4265e
data/jitfine/,true,0,0,0,00000000
data/jitfine/changes_test.pkl,false,19619727,3695605,8,10ab60e0
__MACOSX/data/jitfine/,true,0,0,0,00000000
__MACOSX/data/jitfine/._changes_test.pkl,false,187,110,8,02033497
data/jitfine/changes_train.pkl,false,48948237,9254573,8,50e57ec2
__MACOSX/data/jitfine/._changes_train.pkl,false,187,110,8,02033497
data/jitfine/features_valid.pkl,false,3976650,799453,8,c46fb14b
__MACOSX/data/jitfine/._features_valid.pkl,false,187,110,8,02033497
data/jitfine/features_test.pkl,false,4457349,880345,8,c89b94f5
__MACOSX/data/jitfine/._features_test.pkl,false,187,110,8,02033497
data/jitfine/features_train.pkl,false,11806742,2320224,8,7b66a077
__MACOSX/data/jitfine/._features_train.pkl,false,187,110,8,02033497
data/jitfine/changes_complete_buggy_line_level.pkl,false,3203242,519839,8,1160cd38
__MACOSX/data/jitfine/._changes_complete_buggy_line_level.pkl,false,187,110,8,02033497
data/jitfine/changes_valid.pkl,false,15041996,2807944,8,146d200b
__MACOSX/data/jitfine/._changes_valid.pkl,false,187,110,8,02033497
__MACOSX/data/._jitfine,false,187,104,8,5ca4265e
data/.DS_Store,false,8196,512,8,758bfbbf
__MACOSX/data/._.DS_Store,false,187,116,8,e790f4e7
data/deepjit/,true,0,0,0,00000000
data/deepjit/projects_train.pkl,false,4,6,8,7938aebf
__MACOSX/data/deepjit/,true,0,0,0,00000000
__MACOSX/data/deepjit/._projects_train.pkl,false,187,110,8,02033497
data/deepjit/dataset_dict.pkl,false,1477475,670069,8,c7d32a69
__MACOSX/data/deepjit/._dataset_dict.pkl,false,187,110,8,02033497
data/deepjit/features_test.pkl,false,3193723,822448,8,d0ed6746
__MACOSX/data/deepjit/._features_test.pkl,false,187,110,8,02033497
data/deepjit/projects_test.pkl,false,4,6,8,7938aebf
__MACOSX/data/deepjit/._projects_test.pkl,false,187,110,8,02033497
data/deepjit/features_train.pkl,false,9390945,2381641,8,ee48509f
__MACOSX/data/deepjit/._features_train.pkl,false,187,110,8,02033497
__MACOSX/data/._deepjit,false,187,104,8,5ca4265e
data/jitline/,true,0,0,0,00000000
data/jitline/changes_test.pkl,false,19619727,3695605,8,10ab60e0
__MACOSX/data/jitline/,true,0,0,0,00000000
__MACOSX/data/jitline/._changes_test.pkl,false,187,110,8,02033497
data/jitline/changes_train.pkl,false,48948237,9254573,8,50e57ec2
__MACOSX/data/jitline/._changes_train.pkl,false,187,110,8,9dd9b709
data/jitline/dataset_dict.pkl,false,1323191,564360,8,38b4bbc2
__MACOSX/data/jitline/._dataset_dict.pkl,false,187,110,8,9dd9b709
data/jitline/features_valid.pkl,false,3976650,799453,8,c46fb14b
__MACOSX/data/jitline/._features_valid.pkl,false,187,110,8,9dd9b709
data/jitline/features_test.pkl,false,4457349,880345,8,c89b94f5
__MACOSX/data/jitline/._features_test.pkl,false,187,110,8,9dd9b709
data/jitline/features_train.pkl,false,11806742,2320224,8,7b66a077
__MACOSX/data/jitline/._features_train.pkl,false,187,110,8,9dd9b709
data/jitline/changes_complete_buggy_line_level.pkl,false,43807683,6258069,8,ed7110f5
__MACOSX/data/jitline/._changes_complete_buggy_line_level.pkl,false,187,110,8,9dd9b709
data/jitline/changes_valid.pkl,false,15041996,2807944,8,146d200b
__MACOSX/data/jitline/._changes_valid.pkl,false,187,110,8,9dd9b709
__MACOSX/data/._jitline,false,187,104,8,5ca4265e
data/deeper/,true,0,0,0,00000000
data/deeper/features_test.pkl,false,4457349,880345,8,c89b94f5
__MACOSX/data/deeper/,true,0,0,0,00000000
__MACOSX/data/deeper/._features_test.pkl,false,187,110,8,9dd9b709
data/deeper/features_train.pkl,false,11806742,2320224,8,7b66a077
__MACOSX/data/deeper/._features_train.pkl,false,187,110,8,9dd9b709
__MACOSX/data/._deeper,false,187,104,8,5ca4265e
data/ngram/,true,0,0,0,00000000
data/ngram/test_data_line_onlyadds.txt,false,913776,178330,8,bdd5fc47
__MACOSX/data/ngram/,true,0,0,0,00000000
__MACOSX/data/ngram/._test_data_line_onlyadds.txt,false,187,110,8,9dd9b709
data/ngram/test_data_id_onlyadds.txt,false,56381,2090,8,099d538e
__MACOSX/data/ngram/._test_data_id_onlyadds.txt,false,187,110,8,9dd9b709
data/ngram/train_data.txt,false,29927104,5374223,8,be9bc2d0
__MACOSX/data/ngram/._train_data.txt,false,187,110,8,9dd9b709
data/ngram/test_data_commit_onlyadds.txt,false,763214,14613,8,1f77ebbe
__MACOSX/data/ngram/._test_data_commit_onlyadds.txt,false,187,110,8,9dd9b709
data/ngram/test_data_label_onlyadds.txt,false,74459,2175,8,dc3ace5a
__MACOSX/data/ngram/._test_data_label_onlyadds.txt,false,187,110,8,9dd9b709
data/ngram/changes_complete_buggy_line_level.pkl,false,43807683,6258069,8,ed7110f5
__MACOSX/data/ngram/._changes_complete_buggy_line_level.pkl,false,187,110,8,9dd9b709
__MACOSX/data/._ngram,false,187,104,8,5ca4265e
data/la/,true,0,0,0,00000000
data/la/.DS_Store,false,6148,178,8,6d88006a
__MACOSX/data/la/,true,0,0,0,00000000
__MACOSX/data/la/._.DS_Store,false,187,116,8,784a7779
data/la/features_test.pkl,false,4457349,880345,8,c89b94f5
__MACOSX/data/la/._features_test.pkl,false,187,110,8,9dd9b709
data/la/features_train.pkl,false,11806742,2320224,8,7b66a077
__MACOSX/data/la/._features_train.pkl,false,187,110,8,e6c735ea
__MACOSX/data/._la,false,187,104,8,5ca4265e
__MACOSX/._data,false,187,104,8,5ca4265e
