step,loss,grad_norm,lr,eval_accuracy
1,6.4796584555879235,4.259312629699707,6.666666666666667e-05,
2,5.648787647485733,2.599877119064331,0.00013333333333333334,
3,1.9324714615941048,1.8318626880645752,0.0002,
4,3.8538536396226846,2.3866281509399414,0.0001984,
5,2.1139663503854536,1.3524702787399292,0.0001968,
6,1.1454090362385614,0.8720786571502686,0.0001952,
7,2.067902415405115,2.6556594371795654,0.00019360000000000002,
8,3.012949851252415,3.6403591632843018,0.000192,
9,1.4785198861536628,2.069288730621338,0.0001904,
10,1.3639038241672097,6.269844055175781,0.0001888,
11,0.5998206430667778,1.6258779764175415,0.00018720000000000002,
12,0.5137060179549735,1.6256768703460693,0.0001856,
13,0.6928562154062092,3.009760618209839,0.00018400000000000003,
14,0.43255180888809264,1.723533034324646,0.00018240000000000002,
15,0.49565757205709815,1.6150941848754883,0.0001808,
16,0.14454295625910163,1.072074294090271,0.00017920000000000002,
17,0.6067499574273825,1.2859971523284912,0.0001776,
18,0.5061358134262264,0.9478043913841248,0.00017600000000000002,
19,0.1473938710987568,1.3265516757965088,0.0001744,
20,0.26372308656573296,0.7802214026451111,0.0001728,
21,0.5012678313069046,1.5833290815353394,0.00017120000000000001,
22,0.10336662037298083,1.0586953163146973,0.0001696,
23,0.3848736844956875,0.7484164237976074,0.000168,
24,0.2127600060775876,0.5192926526069641,0.0001664,
25,0.23376528965309262,0.19780246913433075,0.0001648,
26,0.24538677115924656,0.24531149864196777,0.0001632,
27,0.20356202498078346,0.5096973180770874,0.00016160000000000002,
28,0.47991378512233496,2.1595420837402344,0.00016,
29,0.4774033682188019,1.6997698545455933,0.00015840000000000003,
30,0.32685676449909806,0.7381572723388672,0.00015680000000000002,
31,0.2681666179560125,0.5724390745162964,0.0001552,
32,0.5606787160504609,0.8654433488845825,0.00015360000000000002,
33,0.37180248787626624,1.7257364988327026,0.000152,
34,0.32579738833010197,0.5648284554481506,0.0001504,
35,0.34532697405666113,0.24080060422420502,0.0001488,
36,0.5282868756912649,3.0374138355255127,0.0001472,
37,0.3466371321119368,0.809393048286438,0.00014560000000000002,
38,0.2363086510449648,1.478642225265503,0.000144,
39,0.33386668539606035,0.9598706364631653,0.0001424,
40,0.08985046343877912,0.9601783156394958,0.0001408,
41,0.05534205224830657,0.6355352997779846,0.0001392,
42,0.1580879702232778,0.32996055483818054,0.00013759999999999998,
43,0.4473034228431061,1.3460897207260132,0.00013600000000000003,
44,0.30250649744994007,0.5843782424926758,0.00013440000000000001,
45,0.6475306971406098,2.2300052642822266,0.0001328,
46,0.28293061803560704,0.6666265726089478,0.00013120000000000002,
47,0.4584896248416044,1.4743949174880981,0.0001296,
48,0.5274245826294646,1.2284964323043823,0.00012800000000000002,
49,0.3588069683755748,1.0329437255859375,0.0001264,
50,0.5068943881196901,1.7033312320709229,0.0001248,
51,0.25818550307303667,0.37572404742240906,0.0001232,
52,0.19110183860175312,0.6425389051437378,0.0001216,
53,0.1930876977276057,0.5522159934043884,0.00012,
54,0.22823860868811607,0.47967857122421265,0.0001184,
55,0.4083100981079042,0.44266045093536377,0.00011679999999999999,
56,0.21533592604100704,0.6523188948631287,0.0001152,
57,0.34323617490008473,0.36821648478507996,0.0001136,
58,0.28869932517409325,0.48250168561935425,0.00011200000000000001,
59,0.19072548300027847,1.346866250038147,0.00011040000000000001,
60,0.10662360512651503,0.8629964590072632,0.00010880000000000002,
61,0.18473608209751546,0.44141364097595215,0.00010720000000000002,
62,0.10616927384398878,0.915900707244873,0.0001056,
63,0.26426653971429914,0.22791098058223724,0.00010400000000000001,
64,0.11940210568718612,1.0426875352859497,0.00010240000000000001,
65,0.29507341934368014,0.5222769379615784,0.00010080000000000001,
66,0.02919270604616031,0.2680373191833496,9.92e-05,
67,0.3504714457085356,0.6918262243270874,9.76e-05,
68,0.4833437814959325,1.5323001146316528,9.6e-05,
69,0.27027263084892184,0.2822776138782501,9.44e-05,
70,0.044291655416600406,0.45354872941970825,9.28e-05,
71,0.18237314239377156,0.3541618287563324,9.120000000000001e-05,
72,0.31200480117695406,1.0138487815856934,8.960000000000001e-05,
73,0.13950665685115382,0.37850913405418396,8.800000000000001e-05,
74,0.24602257838705555,0.405329167842865,8.64e-05,
75,0.37537051329854876,0.7975119352340698,8.48e-05,
76,0.04359447956085205,0.40687093138694763,8.32e-05,
77,0.031179501966107637,0.2890382707118988,8.16e-05,
78,0.5822557837236673,1.0528576374053955,8e-05,
79,0.4616606961353682,1.200820803642273,7.840000000000001e-05,
80,0.16086724802153185,1.7433956861495972,7.680000000000001e-05,
81,0.17759494605707005,0.8806084990501404,7.52e-05,
82,0.5133026362746023,0.5646921992301941,7.36e-05,
83,0.30884655320551246,0.296471506357193,7.2e-05,
84,0.31051678280346096,0.35991770029067993,7.04e-05,
85,0.2841459852643311,1.3419275283813477,6.879999999999999e-05,
86,0.48547097365371883,0.5681933164596558,6.720000000000001e-05,
87,0.31253863393794745,0.25463542342185974,6.560000000000001e-05,
88,0.26115912036038935,0.3785826563835144,6.400000000000001e-05,
89,0.15829554805532098,1.204362154006958,6.24e-05,
90,0.17795065697282553,1.3540444374084473,6.08e-05,
91,0.21251673996448517,0.998335063457489,5.92e-05,
92,0.11248491378501058,0.8411306142807007,5.76e-05,
93,0.10634090192615986,0.8234344720840454,5.6000000000000006e-05,
94,0.551976609043777,1.2176008224487305,5.440000000000001e-05,
95,0.1345866401679814,1.0669665336608887,5.28e-05,
96,0.29269268782809377,0.6410301327705383,5.1200000000000004e-05,
97,0.07856615004129708,0.6720075607299805,4.96e-05,
98,0.34521177550777793,0.2957178056240082,4.8e-05,
99,0.27212033269461244,0.5166180729866028,4.64e-05,
100,0.42070835491176695,0.7948967814445496,4.4800000000000005e-05,
101,0.05716630758251995,0.4570731818675995,4.32e-05,
102,0.30454863340128213,0.2595975995063782,4.16e-05,
103,0.4916342404903844,0.5074576735496521,4e-05,
104,0.2881639916449785,0.19166846573352814,3.8400000000000005e-05,
105,0.49420944310259074,0.6092963814735413,3.68e-05,
106,0.2589008720824495,0.25807178020477295,3.52e-05,
107,0.24190446571446955,0.19355086982250214,3.3600000000000004e-05,
108,0.5053431073902175,1.1140402555465698,3.2000000000000005e-05,
109,0.2962294848402962,0.22628527879714966,3.04e-05,
110,0.08389357442501932,0.7656975388526917,2.88e-05,
111,0.06305332586634904,0.540708065032959,2.7200000000000004e-05,
112,0.07216947595588863,0.6340949535369873,2.5600000000000002e-05,
113,0.21787147491704673,0.22766515612602234,2.4e-05,
114,0.07673324481584132,0.7280079126358032,2.2400000000000002e-05,
115,0.331174906110391,0.7698707580566406,2.08e-05,
116,0.06721535651013255,0.6373483538627625,1.9200000000000003e-05,
117,0.20169736549723893,0.20652684569358826,1.76e-05,
118,0.22137000178918242,0.17486247420310974,1.6000000000000003e-05,
119,0.22574128780979663,0.20362544059753418,1.44e-05,
120,0.07275529950857162,0.6838562488555908,1.2800000000000001e-05,
121,0.21063311595935374,0.18768419325351715,1.1200000000000001e-05,
122,0.3642043403815478,0.5375570058822632,9.600000000000001e-06,
123,0.508900003391318,1.321956992149353,8.000000000000001e-06,
124,0.3506888288538903,0.6598935127258301,6.4000000000000006e-06,
125,0.4002096730982885,0.5241408944129944,4.800000000000001e-06,
126,0.05529597110580653,0.4860606789588928,3.2000000000000003e-06,
127,0.26549279352184385,0.17640438675880432,1.6000000000000001e-06,
128,0.4817863260395825,1.7570387125015259,0.0,
