variable,complete_n,complete_mean,complete_median,complete_iqr,incomplete_n,incomplete_mean,incomplete_median,incomplete_iqr,smd_complete_minus_incomplete,LARGE_DISTRIBUTIONAL_DIFFERENCE
n_candidates,413,32.47457627118644,13.0,36.0,62,83.91935483870968,40.5,91.0,-0.630633891115805,True
n_pos,413,4.145278450363196,2.0,3.0,62,5.612903225806452,2.0,6.0,-0.2148525936929698,False
buggy_density,413,0.3353196289718268,0.17647058823529413,0.4352744030163385,62,0.15878267422614667,0.0614630467571644,0.16153846153846155,0.6318428820227872,True
git_added,413,197.11380145278451,54.0,152.5,62,388.66129032258067,95.5,430.0,-0.3416964242974198,True
git_deleted,413,85.32203389830508,16.0,60.5,62,125.93548387096774,16.5,128.0,-0.16306327754732708,False
git_changed,413,282.43583535108957,77.0,257.0,62,514.5967741935484,150.5,766.0,-0.3353516420768971,True
n_files,413,8.13317191283293,3.0,7.0,62,9.693548387096774,2.0,9.0,-0.10409492594076672,False
n_hunks,413,43.15496368038741,11.0,31.0,62,70.41935483870968,15.0,67.0,-0.19831257031647598,False
msg_len,413,200.65375302663438,84.0,82.5,62,232.8548387096774,94.0,123.0,-0.08004601440183179,False
ns,413,1.2760290556900726,1.0,0.0,62,1.1612903225806452,1.0,0.0,0.1520427411194323,False
nd,413,3.9104116222760292,2.0,3.0,62,3.967741935483871,2.0,3.0,-0.011756014612312174,False
nf,413,8.169491525423728,3.0,7.0,62,9.709677419354838,2.5,9.0,-0.10269257071197087,False
entropy,413,1.5059532868220846,0.9999821452316464,2.3819773292449384,62,1.5721323620510614,0.9523557124411878,2.236544575505718,-0.04486946542989766,False
la,413,312.19612590799034,80.0,233.0,62,590.483870967742,159.0,808.0,-0.3131786112983273,True
ld,413,115.50847457627118,18.0,78.0,62,168.3709677419355,21.0,138.0,-0.1550070322366425,False
lt,413,302.17019057583974,187.06666666666666,364.0,62,366.5773428393355,197.75,341.75,-0.11036860426755074,False
fix,413,1.0,1.0,0.0,62,1.0,1.0,0.0,0.0,False
ndev,413,8.791767554479419,7.0,8.0,62,8.709677419354838,4.5,11.0,0.010113209839639967,False
age,413,123.39961687649432,31.95147685185185,180.10258338594275,62,93.58382415065513,40.6999410635965,142.0615914351852,0.17319332794710343,False
nuc,413,90.20096852300242,36.0,95.0,62,82.46774193548387,30.0,69.0,0.047904029781305514,False
exp,413,386.9854721549637,183.0,568.5,62,452.2258064516129,300.0,627.0,-0.1484530743504462,False
rexp,413,137.76126234397898,90.23162690745399,176.16531543077144,62,158.5044701715436,150.77268706501368,179.46173625923248,-0.15911869843308954,False
sexp,413,362.2454456358815,153.0,516.0,62,426.0725806451613,276.0,610.0,-0.14357057349332886,False
