project,policy_a_commits,complete_commits,incomplete_commits,pct_retained,pos_lines_all,pos_lines_complete,cand_all,cand_complete
ant-ivy,67,57,10,85.07462686567165,263,171,1641,901
commons-bcel,12,11,1,91.66666666666667,73,72,143,138
commons-beanutils,8,7,1,87.5,12,11,144,100
commons-codec,8,5,3,62.5,25,15,393,110
commons-collections,10,9,1,90.0,79,66,1075,844
commons-compress,36,36,0,100.0,167,167,685,685
commons-configuration,31,29,2,93.54838709677419,102,94,1417,1038
commons-dbcp,12,12,0,100.0,23,23,382,382
commons-digester,4,4,0,100.0,36,36,120,120
commons-io,15,9,6,60.0,28,20,249,155
commons-jcs,18,16,2,88.88888888888889,42,40,640,478
commons-lang,30,28,2,93.33333333333333,100,79,758,690
commons-math,67,53,14,79.1044776119403,479,379,2425,1882
commons-net,24,20,4,83.33333333333333,47,42,233,182
commons-scxml,10,9,1,90.0,30,22,664,476
commons-validator,8,4,4,50.0,19,15,119,48
commons-vfs,23,22,1,95.65217391304348,94,73,971,609
giraph,33,31,2,93.93939393939394,166,163,2681,2247
gora,8,7,1,87.5,36,32,625,238
opennlp,19,18,1,94.73684210526316,65,61,562,483
parquet-mr,32,26,6,81.25,174,131,2688,1606
