commit,project,n_a_added,n_a_pos,pos_ok,all_added_ok,n_pos_mapped,n_pos_ambiguous,n_pos_missing
00513a091d6cebf1ed4c5e2b6619dc36a4b5bbc6,commons-vfs,23,1,1,1,1,0,0
0079828734d62dbc2b44ccf4f21e3dc1daa7b90b,commons-math,151,4,1,0,4,0,0
007ccb24ec4b6f9b8480ec0cfd9bc1894bfdee0e,commons-configuration,98,1,1,0,1,0,0
01329b7cf5d494f32da31c2169d7ea66dab9c517,commons-lang,5,3,0,0,2,1,0
01fd9c792b8a2f3a7206d43c21d34de8135eaf6e,commons-validator,9,1,1,0,1,0,0
020f71e5fb37fc3ea1f547dd466190910bc78749,ant-ivy,43,2,1,0,2,0,0
02ae34d1d3f3c9f9c25160cb14c119958f25af13,ant-ivy,4,1,1,1,1,0,0
02d9e6c2533a3cd108f5e6feaf40f26e95deb64c,giraph,464,11,0,0,9,2,0
02dc8c7e77db316553699f0e371f3e7803d3efbd,commons-io,24,1,1,0,1,0,0
03239b0ea42312c7b5daf4520c1ce1caaf6189fd,commons-compress,2,1,1,1,1,0,0
03cadc209ee3d5145eadaeb8abb0842ab09a4a17,commons-vfs,362,21,0,0,15,6,0
03f8b53af1526c038be1e0aa6f519a6c73762758,commons-dbcp,61,2,1,0,2,0,0
043a39baa8befc916faa0d4cca714b9fef2c19b3,commons-validator,27,1,1,0,1,0,0
043fcde300267e183972056a007bcf406e5c484a,parquet-mr,317,7,0,0,6,1,0
05f878016d583b58806e59de862fca60e2e69d67,commons-codec,89,1,1,0,1,0,0
0637e2fbcd401f47bb062d5c2d1cceddabf372b7,parquet-mr,68,1,1,0,1,0,0
06c38617a3b7e708688fdcf2f001c82f5d1a2f2a,commons-digester,146,20,0,0,18,2,0
06d490a4bd763fb634596f2755b436f7f8fbbad8,commons-math,141,1,1,0,1,0,0
0721f49bf0d8b954c8a4b8d75e5375de43af981e,commons-collections,324,20,0,0,16,4,0
0798c75fe3b08ce4128bf161622988c5b107c181,commons-validator,54,1,1,0,1,0,0
08cf1d1fb517d9778fed6e1857a2b71df5c368be,ant-ivy,30,3,1,0,3,0,0
08dc6300117b9137b6df1ad6b54fec47e2c310ff,ant-ivy,698,3,1,0,3,0,0
09aecce588d736955b803c9df908013960699836,commons-compress,37,1,1,0,1,0,0
0a2a72eaf5832da87b80fa41008e0b28182d928b,gora,60,5,0,0,3,2,0
0a4b1c3b316335a1ee22ea86c28c1cd58b1bb583,commons-jcs,1,1,1,1,1,0,0
0a4ce90b8c886e85e4e7cdb5158ac7494761548d,commons-jcs,78,2,1,0,2,0,0
0a75cbc380f537c06e26fa5bd9654cf878a9587a,commons-math,132,6,0,0,5,1,0
0be1e18d9e61a33d2c865d0555f1a65ae14833da,ant-ivy,785,26,0,0,24,2,0
0c0455fd66eed4113bf53829cfdb501901cc70f9,commons-math,141,1,1,0,1,0,0
0e8ff9c44058afbca9c9126a8feebe41cd682626,commons-compress,43,2,1,0,2,0,0
0efde604a26e730631ae8bece0d1e137dfcfb5ca,commons-configuration,138,1,1,0,1,0,0
0f13370f354da824b97a8004f4b8dd9d23500241,commons-math,43,14,0,0,8,6,0
0f4bfb3d662f4f6eb4c71ca408a42eac8e329bca,commons-vfs,24,1,1,1,1,0,0
0fe9685c8a78ba2d780a3ec1e1a323990dc6d218,commons-lang,32,2,1,0,2,0,0
0ff845a477db67a485e7a8c1cd8265e520bc8c05,commons-jcs,128,5,0,0,4,1,0
10a33f30954af3ca26ffd8eeaab1081cb0e8a360,commons-configuration,33,7,1,0,7,0,0
10e18ae9b47dfe04573884739823d64825105694,commons-lang,20,1,1,1,1,0,0
10ec5a35b13963b953d3c6a9d8321dcecf11fb3f,opennlp,396,1,1,0,1,0,0
1170279dc85c2bbdea594b053c56b379a72a2104,commons-io,119,3,1,0,3,0,0
12cd61925c37177a82d2adc76f6475e662030e12,commons-beanutils,10,1,1,0,1,0,0
12d7f3d204a242de56a5a94ea8371bd3f9717504,commons-dbcp,49,3,0,0,0,3,0
13188390f33649b1881dbd4d9f2440894a36463a,commons-math,468,4,0,0,3,1,0
13218943435188789ab706c2d97da8e2aba1770d,commons-jcs,32,2,1,0,2,0,0
13d84663bc4eedb2e9e4035af75622b0a3cb480e,giraph,10,1,1,0,1,0,0
14313cffebe7d676ee4716a017df7e3febae6f6f,ant-ivy,70,3,1,0,3,0,0
145272c6a729e6ac3aaef5c973c2c86bdf0f329a,commons-bcel,9,1,1,1,1,0,0
160a0d35f64a52b9e31a725adc2672498d1f3f29,giraph,12,1,1,1,1,0,0
1642b00d67b96de87cad44223efb9ab5b4fb7be5,commons-collections,61,4,0,0,3,1,0
16e434606776d7961f8b67b7d1062e15f23facf0,commons-vfs,40,1,1,0,1,0,0
17222ad8ac4456d13440e6867d66e8f08643f462,ant-ivy,4,3,1,1,3,0,0
17f4a06be88ed9c950e562aa72755c7a493b8ae9,commons-beanutils,40,1,1,0,1,0,0
181affd5c937755f54ff31ef056a6ec091e95f51,parquet-mr,41,1,1,0,1,0,0
18af885b3cf4605812a35fb656daef176fe233a6,commons-jcs,516,1,0,0,0,1,0
18f181ada7826542725fa4a9460307d606695b5d,commons-math,20,4,1,0,4,0,0
1954a51bb5aa0ab3cf762c07b961ea8fd873f17a,commons-collections,218,17,0,0,16,1,0
199dd8dfd1cef867ad8712c7565f090f81be0e7f,commons-io,3,1,1,0,1,0,0
1a5e5c6802a920cd8e379de0552dd289f680fa56,parquet-mr,318,16,0,0,10,6,0
1ab1a17fd37c377d96c8b41f41178ef1498c7fb5,commons-net,31,2,1,0,2,0,0
1b91a77c1a41a57799da93ce0ba3a4b58760148e,commons-scxml,106,2,1,0,2,0,0
1c9c43c1d4bb76d7e47cdfc9c6681a38305a95e4,commons-math,55,23,0,0,21,2,0
1e6ad5c3ab06188c6690b4af4fd7dfe7e3cbb47f,commons-math,12,1,0,0,0,1,0
1f73722ffb375010e74eaa5b99004ad88df93bf6,ant-ivy,40,3,1,0,3,0,0
1f8cfe7d2b2306384243cae9a45de523f4e0a8f8,commons-net,411,6,0,0,5,1,0
1fa1b9ec8b48e6a3e69a2629b051927bd70305c8,commons-net,2,1,1,1,1,0,0
1fbb16b037e62c6af90ab89ab3ac8d3633c59a90,commons-compress,12,4,0,0,3,1,0
1fc99654bdd1ddbfd75c90cbfc3f1f08acf929b8,commons-math,1,1,1,1,1,0,0
203918573c29676b179b673aa7e41366dc4215d9,commons-codec,10,2,1,0,2,0,0
210ecb5015a870f2501ed23eb7a896dfcfa981dc,commons-configuration,25,1,1,0,1,0,0
21c42878ac1e8c3a8c5cee99cd72ce7a92092379,commons-vfs,38,1,1,0,1,0,0
21fb80f02c177a99cccd69899703424eab803c34,commons-configuration,1,1,1,1,1,0,0
2280cbd563332a1b9f3ada9de77af40efc6c97b0,commons-dbcp,70,1,1,0,1,0,0
2282c22c5b252859b459cc2474350fbaf2a588e9,parquet-mr,175,1,1,0,1,0,0
24bed1a9bdbe3a1edd46bc3b2af83ee385e041a9,giraph,86,9,0,0,7,2,0
25ad33cb9e0c73a0898be36f3dbbf96a5e14efe0,commons-math,45,3,1,0,3,0,0
2612035deb0c873174123b5f841ef6edc00261b9,commons-configuration,1118,5,1,0,5,0,0
26acd219f08cf99be718f2bc3127a41dc33df6a3,commons-io,52,1,1,0,1,0,0
26d31606bda1000638b7fec59e1914aa83e1c71a,giraph,20,1,1,1,1,0,0
26ee48193928f525fe0885cba6b28fdc8eff6af9,commons-math,140,11,0,0,10,1,0
275870d751f909ed771ef6c1dbfc547d7cf106a8,ant-ivy,40,2,1,0,2,0,0
2759abae42100a486dda09e787d5aee13a9ba1f9,commons-dbcp,1546,3,1,0,3,0,0
27830ee8c22d74464fd3cae4e662bf0ba97e887b,commons-io,58,1,1,0,1,0,0
279f3461b310661bac99cf13791feab3f9b22c61,commons-validator,25,12,0,0,10,2,0
28b7b958d39730fc278fd1919bf335c52133a1a2,commons-codec,17,6,1,1,6,0,0
294b73583fc0dcd548ae95a841829f9ad2ab3ed0,giraph,286,1,1,0,1,0,0
2a671338058e46b26a951ba01246b33a67d0eff4,commons-math,417,3,0,0,2,1,0
2a9e8302789d593dfbcc4ea0f15ec73284657275,commons-scxml,30,2,1,1,2,0,0
2aa4681cb82f5b3eee09b2b491a16ceadf52bd27,commons-math,3,2,1,1,2,0,0
2b0658c59d6285547a5c6de7ac71c7cb134ce975,opennlp,2,2,1,1,2,0,0
2b24ae34b760239677bb3cef4e7f17f6d586178c,commons-math,264,20,0,0,10,10,0
2b720c7df037fc7d9b1b83d3fb6cb12edc6e8ed2,ant-ivy,39,8,1,0,8,0,0
2d1614a2077eab0b981d4a0c4c6e10a7ecda71cf,commons-math,43,1,1,0,1,0,0
2d5b2326b24fc18ac3fbde0bc01ca1def85e1b29,ant-ivy,57,6,1,0,6,0,0
2ddabf3b84d42184d9781e02a936fa1160177866,giraph,444,1,1,0,1,0,0
2e96cd40c91e1b40196d0d50a9e9c36e04b8465a,ant-ivy,96,1,1,0,1,0,0
30117b78f52a32cd9ce0029025e38a0ff7962c47,commons-beanutils,153,4,1,0,4,0,0
31ca60623ff48b6b4563ee81901486277610c34b,commons-net,1,1,0,0,0,1,0
32155107dd982360e813d10d0c76f6f7cc2cc7bd,commons-collections,1,1,1,1,1,0,0
322b49f7267ffd5f1f4b7dc46b24912ec66f7d20,commons-validator,20,1,1,0,1,0,0
32eeb20ee9096257520cded0d1af33d4664f8619,commons-io,2,1,1,1,1,0,0
33c95771c804abc02223f24a0234343b93ffde56,commons-compress,8,1,1,0,1,0,0
34074f97a0a0572518c8736a30f017563cd7e9b3,commons-net,11,1,1,0,1,0,0
348e020e1df6c0b3a5b8c38b220746617320fb43,gora,572,4,0,0,2,2,0
350f01c78374b4df99c1a84cc32122eeeb48b036,commons-compress,20,1,1,0,1,0,0
3631295c437c5b8915afc7b2b259496eb2d5d782,commons-math,182,13,0,0,10,3,0
36335e3face4b866c7bb88b39fa8a99959d0a907,commons-compress,1,1,1,1,1,0,0
364232f781d0cc91cd4b83012e1f49e62fa81190,opennlp,44,1,1,0,1,0,0
372c35ebccedf64266a38a35e365d3810642fef2,giraph,70,7,1,0,7,0,0
37ba197e62d6b60037d18afc33801e6221f1b8c6,commons-codec,43,1,1,0,1,0,0
37f373401c3fefa832be0d52f617f0711b0bb831,ant-ivy,24,1,1,0,1,0,0
37f72dc079c4cd69b2de16f3532b55f8108d3ac8,parquet-mr,394,4,1,0,4,0,0
3a771aaec8b8c7f991bec11db5d6c7c572206550,commons-configuration,21,2,1,0,2,0,0
3ab6698b6ae590ae1ac5758d988837d89ea74b3e,opennlp,141,8,0,0,7,1,0
3b73cc3a9bba6c25520d20f83d7f68f69e2ba911,commons-vfs,419,2,0,0,1,1,0
3b81f3a94da9e26ec0458f4b5bd3a0469d8a93f7,commons-compress,31,3,0,0,1,2,0
3b98bf44eba7958f12faa33cc0e5635b33fdf0b5,commons-configuration,519,1,1,0,1,0,0
3c08cbd2ebb2ac5bf335bdb38d3fce0b0482673a,commons-bcel,78,3,1,0,3,0,0
3c644cf87ec8c0e6313b3a10b6cfd66279b8093f,commons-math,33,1,1,0,1,0,0
3c92830ec51fb6b6e9a7ca2fb8fda324cd33e48a,commons-lang,56,2,0,0,1,1,0
3eb4be60cf00c20e46b75fb72366dd0649700c2f,commons-lang,1,1,1,1,1,0,0
4025b62c7d8e0cdc7ebca856ccafc6365183fb87,commons-math,3,2,1,1,2,0,0
40aee3954ff7fbb9db6b367ae63e6b05dfa6199c,ant-ivy,75,3,0,0,2,1,0
416444191683859a50a112b865f84fc2503d057f,commons-beanutils,80,1,1,0,1,0,0
41dfac731ef973b03f70d8f9c01afc67bc5f311d,commons-io,25,2,0,0,1,1,0
423b7ab26233e24cbaf6aa21f2fe97b7671d1341,ant-ivy,3,1,1,1,1,0,0
42662f8750a2c33ee169f17f4b4e4586db98d869,parquet-mr,175,1,1,0,1,0,0
452c628c21466ec4f68d90921c8ebeab362fa17d,commons-validator,28,1,1,0,1,0,0
454fc3655509f1f4f47ce44acaff7c1566ede108,parquet-mr,41,3,1,0,3,0,0
4627d99022750437431889d9a222964592f4ef8d,commons-jcs,611,5,1,0,5,0,0
46722e306a029ea5264004f5d2b2784757a2ddc7,ant-ivy,34,9,0,0,8,1,0
46c9b97454b17150b3ee7b2de973eae4aed8522a,commons-net,35,3,1,0,3,0,0
47949e9b95761db19ef2c37321b1f6249c57ec19,commons-math,3,1,1,0,1,0,0
48055baa938695fa302fc8aa51a5a2df24c73fe7,ant-ivy,57,3,1,0,3,0,0
48c7a0cbe042a2e3d94fd30b49ecf86d68cf86da,ant-ivy,92,1,1,0,1,0,0
4a133f5766c09362917e0416af503c0a00b24e87,giraph,1304,3,0,0,2,1,0
4a8be9a26366fd482a0b7075bda48f6562dacb2a,commons-net,8,4,1,1,4,0,0
4b1ff8f4b9dfa0ccb064ef286cf2953bfb2c492d,parquet-mr,614,12,0,0,9,3,0
4b8647bf6ce2b478e6bc90d0158ce81939a14378,commons-math,136,4,0,0,3,1,0
4dc97b64005f0083b2facaa70f661138a4fa3fc0,commons-io,93,3,1,0,3,0,0
4e13be179dccbf311fced2a2eeb71a04db170bb7,commons-scxml,121,1,1,0,1,0,0
4f5d25205a9cec988de300a452d641a155406b79,ant-ivy,4,1,1,1,1,0,0
4f72517b0e7881107a0db3046f0247ea2218039d,commons-bcel,23,1,1,0,1,0,0
5035d291aafe4ddf3de657ac41ed4f68521c45b8,commons-configuration,59,3,1,0,3,0,0
50a124bf76c36d47d797306ccadcb3d97c43caca,commons-net,12,5,0,0,3,2,0
50a7fdcaf8fb9a684a96568ceeb8643b4941c475,commons-io,156,5,1,0,5,0,0
5120797447ee6b029f483049db56cc4aac673e50,commons-validator,72,1,1,0,1,0,0
514cdf8f1ae0ebff29e600e4888928bb28b18345,commons-configuration,19,1,1,1,1,0,0
516c38fd95fff30841f9af370f50cf1f7733c209,commons-compress,56,1,1,0,1,0,0
517b8beb06f63301629f0ec3f58f6b667061d3fd,ant-ivy,159,9,0,0,8,1,0
51f09376456ed8dadc2e801afaa495863fd7ee3b,giraph,17,3,1,0,3,0,0
523d0f70d18b5496008c9063b9f6e9321877d574,ant-ivy,62,24,1,0,24,0,0
52811ea2077918a08c10634f3665972378781463,ant-ivy,4,2,1,1,2,0,0
530432ce029cdfc7ab479b0002281f0f719ae724,opennlp,245,4,0,0,3,1,0
535a333b7776f7a229b76c7656e928d8a21d21bc,giraph,733,1,1,0,1,0,0
53d3e8ce790cbf01580dad2391e9b7691f5d6c3a,ant-ivy,11,2,1,1,2,0,0
5483ce4a46fa89b5a71ae1716de83220c5a6c7aa,ant-ivy,316,8,0,0,7,1,0
54a1a8dedbd4af64ca8079da69878f89a69d9e5b,giraph,145,1,1,0,1,0,0
5556026ed1dc17e70946a4a030842ade3a33baeb,commons-lang,6,1,1,1,1,0,0
56326400fcb5df7bd9336f143f7a3b7d601e5f58,parquet-mr,314,15,0,0,9,6,0
5755533ee0d4c2a0ae42825978bb97a141823b5d,commons-configuration,15,1,1,0,1,0,0
581baeaa99864979aad55bdd45f054c8a53c341d,commons-jcs,11,1,1,1,1,0,0
58d258c7768cfc3ab47e455549f8e10b8a3bdc0d,commons-vfs,6,1,1,1,1,0,0
58d613bd8d20a77f4da8c1ee49cf4028c011a2a7,commons-math,321,1,1,0,1,0,0
596afd4f5a73c7fc756d9bdc12c6613856ca27aa,commons-collections,370,8,0,0,7,1,0
59aedc8a224a12f88f2f4ecd48056ad46fafb9d2,ant-ivy,98,1,1,0,1,0,0
59ffcad15d220c2bc1f70f01d58bc31dec04b423,commons-io,28,2,1,0,2,0,0
5a04dc554ef53ddc39895a9211286b9fb2e65586,giraph,3,1,1,1,1,0,0
5a509030a946646780e963b9f492a4eaff734116,commons-lang,12,7,1,1,7,0,0
5b2806103d5e6d4a7a6df1ebc8d88005ad7731be,commons-codec,294,2,1,0,2,0,0
5b5f84db290450f81cc6b93cad7e7900ef9a6cf2,commons-math,58,1,1,0,1,0,0
5b7d3f5f4a40ad6e0ccf8ddde120219ba53cb3e6,commons-configuration,269,12,1,0,12,0,0
5bdd4dc1c46eb4949be1a41161ed12aac21b2add,commons-configuration,71,16,0,0,15,1,0
5bf5366e2d5eca700d33d5882b65a5795cb3d656,opennlp,244,2,1,0,2,0,0
5c715cd84d600c0df0215846efaece2ab4673546,ant-ivy,2,1,1,1,1,0,0
5c798eb50aec6040f415b6def1912d4345f8310d,ant-ivy,14,2,1,1,2,0,0
5c81e7355dfead2da26406b1c787e8a449bb6beb,commons-vfs,10,1,1,1,1,0,0
5c9661c300bad40cbacdb391637dacc991f16da6,commons-compress,10,10,1,1,10,0,0
5d027c32c97eaf43c5f296afce98f1e4afc7baca,commons-compress,7,7,0,0,6,1,0
5d23a96a09f7401ee5fdb9d5b1fa2588e8d6d2b9,commons-configuration,59,1,1,0,1,0,0
5dce7b8948fb6fbc9951d2815ab07620ab77b1c1,commons-configuration,70,2,1,0,2,0,0
5e305c6a2c7d0e3d2dfc9c07a702167f55944373,commons-net,89,1,1,0,1,0,0
5e62bf80f345ff28d494c2b407a9e8691a9fb684,commons-lang,292,1,1,0,1,0,0
5ec476b0b756852db865b2e442180f091f8209ee,commons-collections,16,3,1,1,3,0,0
5ec70549ae7e7d2eb97d3d56e696dbf0cef7ca35,commons-jcs,85,1,1,0,1,0,0
5f7d5690a97b2ad95bbe381695638f0c7ca2c4ff,ant-ivy,1,1,1,1,1,0,0
6007fb22e41468b446b257bac13660cb2664e45a,commons-vfs,119,1,1,0,1,0,0
60de42750746ab7aa387e2946accd62bcc88a626,commons-net,3,1,0,0,0,1,0
60edcf9df1bbe271b1414b04e914641937395d8a,parquet-mr,29,1,1,0,1,0,0
6114f5479d0bc640390c8f073b40eab94103451f,commons-dbcp,2,2,1,1,2,0,0
61bfd7be89e97e204caea839e37c67c6f837a710,commons-io,3,2,1,1,2,0,0
61cb37ecd50b0d9400873624e46692c3282e4cfc,giraph,122,1,1,0,1,0,0
6256a761d61a5b27a05878da2449ce8537d60c99,giraph,1687,2,1,0,2,0,0
62f9fd3fd3c13c8387e7448c4f3ea6b8f65b8a8c,giraph,581,5,0,0,4,1,0
6322cd019c486b6b98cd3f94ad9097245be3447d,commons-vfs,2,2,1,1,2,0,0
635e41ea181c5fee8860a7044c84ae3557b51189,commons-lang,161,1,1,0,1,0,0
63f1d6b83bc10a2880f5ec17a172fab284d2eff5,commons-lang,32,19,1,0,19,0,0
64443cc75f7e10ba91788c53befb0411a8c122a4,gora,10,2,1,0,2,0,0
6527a801c181090326f44bffef6709f898cae70b,commons-math,123,3,1,0,3,0,0
65302de24316b21a3955265203c60cf663067743,commons-net,115,1,0,0,0,1,0
657db79f304679aff1f0d74a6d618ae23a3bdb54,opennlp,51,1,1,0,1,0,0
663521121083c36fbff550f23fa14bc74b73174b,commons-configuration,57,11,0,0,9,2,0
66b24cabe95485abbe4398ff468a57e5ea0e3cf8,commons-jcs,84,1,1,0,1,0,0
672b58548c867ca6e5e341057d4af8797d7478e8,commons-math,260,13,1,0,13,0,0
67870c17b1b2e718a807229c89ddbb9eccf2cbbc,commons-dbcp,29,1,1,0,1,0,0
67bc6ba3f34a4b98d518394df45f6e68e513d59b,commons-digester,11,10,0,0,8,2,0
68302e213747700ca38cef546f05d0f15a3e99b4,gora,49,3,1,1,3,0,0
68b033741b02c3ae54d649e858790732bc5c2d27,ant-ivy,25,4,1,0,4,0,0
69fb4550e96fd677a922af10fb11d9482a3fc433,commons-jcs,553,7,1,0,7,0,0
6ab9d41e3e9fac941966d877e57f54b49003a8a4,ant-ivy,18,1,1,0,1,0,0
6af929eb622b07742d4eeac3b754c60ad6a60a3d,commons-scxml,298,3,1,0,3,0,0
6b323f0f53f2018f83b070d7b3a21f16d2f6acfb,commons-collections,15,5,1,0,5,0,0
6bc2d25ea6dd424148786f5e0cddeb42ee072e79,commons-dbcp,10,1,1,0,1,0,0
6e1845426045c86a0d2ba96783c4f2ca8c5d0689,commons-vfs,574,21,0,0,12,9,0
6e710a1f78a4a733020a4b2d1f07b6fe4c6684f0,ant-ivy,23,3,1,0,3,0,0
6e8bb88263dd64b703679bf853c15f40ac07e347,commons-compress,136,2,1,0,2,0,0
6f5f99440e7117ee3bb6407e06745fff14bb2a4d,commons-lang,1,1,1,1,1,0,0
6fb39861af2187d4160ded7e0a8a31941194e13c,ant-ivy,5,3,1,1,3,0,0
6ffdfbb8c97d7f70e5cb57be566f1c90e35e03ba,opennlp,49,3,1,0,3,0,0
70594bcaff1d553cbd35312bb63a33bcba0680d3,commons-compress,29,9,1,0,9,0,0
7117039b146155d81857ec29cc48b64324e5f19c,commons-compress,47,1,1,1,1,0,0
71d7c3264239c55b6e2daf89c44c5685085f26dd,commons-lang,57,2,1,0,2,0,0
71fd124ddb1f311a8cb64b608f385c87b67cef14,commons-math,85,1,1,0,1,0,0
7217b9d270e31fe1e68803c8e25b0a03869f1556,ant-ivy,10,2,1,1,2,0,0
72562004cfa5106472f61efc5d456788bbc256f9,giraph,61,3,1,0,3,0,0
72b9a7f37393ae20805b1c99bb95169d4354e4b9,ant-ivy,93,1,1,0,1,0,0
73a8fba6fb23af45ee77f52f33bb8d791a9caa05,commons-lang,7,1,1,0,1,0,0
750d338864a92521f4daec993af7ef0aba9d609b,commons-io,2,2,1,1,2,0,0
760661dfd35d3c51f4aaddf914b32223787ad0c7,commons-net,1,1,0,0,0,1,0
762c634e296d2c32a5658170ab2b613d5b087f13,commons-scxml,116,1,1,0,1,0,0
76a2ac814caa194c46be1cf7a3f5dc129546b1c1,parquet-mr,9,1,1,0,1,0,0
76ace5792c06da864999374c8a1f0d734d8d5a92,commons-math,12,7,1,1,7,0,0
76c125c3b74a390a39cdcd6666cf7e9cea0e5c1d,commons-codec,51,1,1,1,1,0,0
780b2281d86cf89cf5dd717c1cf54bbd48783654,opennlp,15,1,1,1,1,0,0
792839b464bc3df40f773147b7694b761cf23b5a,commons-math,78,34,0,0,32,2,0
7972f1ac1b85a5174c9f293ad98abc87edfe42e6,ant-ivy,4,2,1,1,2,0,0
7aa5ba380ef6aea0f2f594873b4c7378adab0f18,ant-ivy,84,21,0,0,19,2,0
7af67bdd16a4f103bbe6334c5a865436c900adfe,commons-lang,1,1,1,1,1,0,0
7cc54575d867e37a43020df309a78cd65c3fbdc0,giraph,432,20,0,0,18,2,0
7ce5950963068f4a797da805f895842adad38a3e,commons-math,275,59,1,0,59,0,0
7cfbc0da48c8cc8939e97427d8ee5b22c5e55f28,commons-math,52,2,1,0,2,0,0
7d0e006992574973bbd732373af32462393f00b5,giraph,131,10,0,0,5,5,0
7d4041d827aed7d9f3eb14310b824a2faa96b8b4,commons-lang,12,5,0,0,4,1,0
7d73baf10e435fcaa4927495afc185fb473c416b,commons-compress,61,42,0,0,39,3,0
7e35f57ae9ba9e716da122dfa0bec418b1e2b6e8,commons-compress,56,2,1,0,2,0,0
7fc7998398373a14b4cdc0ce18abdeb221b1ccf9,parquet-mr,781,16,0,0,14,2,0
80ed7676093c6ee19c271fd9414d360b6a8d1712,commons-bcel,11,1,1,0,1,0,0
80fced6db6c15d7833e2c06fac4098640ff4c742,commons-jcs,105,2,1,0,2,0,0
815b269deec60ec69f4e5e5d555afe9b98c18cb9,opennlp,2,1,1,1,1,0,0
81d5badf7b76e9f1efde1cebe2150bee70e4cf58,giraph,44,3,1,0,3,0,0
824b34cac1d05917eb2bc3dc8c62c9772d0c6e4d,giraph,29,2,1,0,2,0,0
8262a735578ad84638e36c8597ea55a91dca4bfa,commons-digester,34,4,1,0,4,0,0
8267561e52a02bf9faf70a24484aac105cdcc9d0,gora,795,1,1,0,1,0,0
82c95c5f951ec316a717d72a46e9f1f7792dc818,commons-jcs,2,2,1,1,2,0,0
83af8f89e7b7c8669520b9d46ce212665d0d1b90,opennlp,217,2,1,0,2,0,0
842351710e2897c032b788a8e61fdbf36e18bb2f,commons-math,228,4,1,0,4,0,0
84e490b66f61e11366b62efc42e64b60ae7db35b,ant-ivy,17,1,1,0,1,0,0
8507fe5934b7b05c7e887c0d2f479242f6372fc2,commons-jcs,152,1,1,0,1,0,0
8543a0056a90f06bcc69d0052fcafea7131e689b,commons-math,4,4,1,1,4,0,0
8691eb95522d9421a8b2883bf65e535d581f1a06,commons-scxml,73,4,0,0,3,1,0
86c76dd5ea04d1881a52d79113d6dbb1d57c38a6,commons-lang,32,2,1,0,2,0,0
8705e97fbd1aa9de951456f05dff9ec56c4344b2,commons-compress,23,1,1,0,1,0,0
881a4ee8db1e1826b749579d2284ace982c953ca,commons-math,14,3,1,1,3,0,0
88acd6de3508aa297affb97625acce98877fa98a,commons-vfs,8,1,1,1,1,0,0
88c2ecccc5d0c5272c9e5b6af88888b71bad633e,commons-digester,502,2,1,0,2,0,0
88d3eccc6805ccdb122b0acd50891229646b5ec7,commons-configuration,46,1,1,1,1,0,0
89eea1e72b6c9f9faa986fbe548a4fb1914cca9d,commons-lang,377,1,1,0,1,0,0
8a127b81963d28a06bc438c47dd551f860ee8055,commons-bcel,7,1,1,1,1,0,0
8a3b3b537a30b14c4ffb5eb32ffa41d5027bddad,opennlp,73,2,0,0,1,1,0
8a6bb5623e92f3d636969488a04a516cd0ae7f36,commons-compress,10,5,1,1,5,0,0
8ade49c09a726757d9a479f0a310d77d79d6819f,commons-net,10,2,1,1,2,0,0
8af453cdab42b5276cec2e89d83ce5c87d70a137,giraph,3,1,0,0,0,1,0
8bfd9b4d8f4fb0a2b522c9328f67eb642066306b,parquet-mr,784,2,1,0,2,0,0
8c1ab0dbbe2ff8aa733fcfeca774ae0dacaa6ca8,commons-configuration,133,9,0,0,8,1,0
8cfccaf4c36d98e397ba24083bb99be2509462ed,commons-scxml,125,1,1,0,1,0,0
8d340a008767c5d954b7539e825b4c90eb15ab9b,ant-ivy,41,16,0,0,13,3,0
8d52f694da0484cb2783a8b35dad845322af0c07,commons-io,40,1,1,0,1,0,0
8dd45d4129046ac0b4f819e916beba6a699bad23,commons-validator,2,1,1,1,1,0,0
8e00ac7a927f8ab42cae75fb6c5a54cb2bde8c83,commons-bcel,503,4,1,0,4,0,0
8e0e1c32ff1ed1da4f09fc9917812e6457e6fef7,ant-ivy,44,3,1,0,3,0,0
8f7c59ce888a687a6c9089caf0c5469984a073b4,commons-math,66,2,1,0,2,0,0
8ff987bd1b9ad2b00d32f8bd6594bffc27cff335,opennlp,858,26,0,0,25,1,0
916763e747b0f2d3bf2dcda76100dbc0d5714a9c,giraph,180,12,1,0,12,0,0
94a8bf6d304d08e8a1fc181e7a06a545103e8ddb,parquet-mr,629,2,1,0,2,0,0
94faa31bcf5c4fcb20818a3a0d23ae789932d2df,commons-lang,257,23,0,0,21,2,0
951b253fc38c09114d0fe273a3758a15c151a8b4,ant-ivy,21,7,0,0,6,1,0
952a50372dea32e78800b5127ce3e969ce8ba5f0,commons-compress,1,1,1,1,1,0,0
958029bdd45c3e341eb146031ed38b4487d7b0b7,commons-lang,11,10,1,0,10,0,0
96531689d341eb26103356410280447e94529b5a,commons-configuration,51,8,0,0,6,2,0
96968fdcadb1f87017c6e7853c4a63ba065c6611,giraph,377,14,0,0,11,3,0
969a488183a42dedbde8dcec7ac00595a836974c,giraph,202,1,1,0,1,0,0
96c30e248d6d27a1df8e26be14aa10c633168cdb,commons-lang,211,3,1,0,3,0,0
9720cbf8b2b6595f79e08f2964c53e47c96324f4,commons-configuration,18,1,1,0,1,0,0
9867d9f2817fd6dd20d458022de3dda8c3b43b2f,commons-math,314,7,1,0,7,0,0
989135e762d3f00767240e7b42ee9e1cccbe43dd,commons-beanutils,33,1,0,0,0,1,0
99189ff527554aa345f63fc038fc8eacf28cbb39,commons-math,372,11,0,0,7,4,0
998fc42b9a73b7cef079fcfe99b1f36da210bf6c,commons-configuration,17,2,0,0,1,1,0
9a5b9ec253f145fff8fe80f602705302de1802f4,opennlp,1,1,1,1,1,0,0
9b6d6f9f6f91c5d6a8a153635f7e5f3c52a1f4f2,giraph,112,17,0,0,13,4,0
9c881675d214b95fcf861b69b4204bcd7932f66b,commons-codec,7,6,1,1,6,0,0
9cedc7d76f2bbe52b3d1cc4caf8024e730266f83,giraph,390,15,0,0,12,3,0
9d090d40ef488c6c8e0784da877b93a05034e339,commons-net,8,3,1,1,3,0,0
9d4f7a03f3a02c8598751c2c93f09525aa1f1789,opennlp,22,1,1,1,1,0,0
9e1aa0406b26f67fd021465903a2627b960e8c8b,commons-vfs,28,5,1,1,5,0,0
9e1b0acab5721a6805743e291f56d6d0ee8ba851,commons-math,67,11,0,0,10,1,0
9e2996fef15bac17b20c641900f4e641c40c6aa0,commons-vfs,27,4,0,0,2,2,0
9e360ca017b1f639957c799a8b7b64047c286d93,commons-vfs,105,15,0,0,13,2,0
9ea5c69bda2ed1ec0c69c081e91b72dcf6a6e81c,ant-ivy,76,1,1,0,1,0,0
9f70cf9eae15b96483b9f2daffd7d2b0521d56e9,ant-ivy,19,4,1,1,4,0,0
9ff7ca5e6079b51ffc3c1bd93380db8f5dbc6e86,commons-net,17,1,1,0,1,0,0
a23a1a64ec883102dc8a3a2860c3b0d2fffc4134,ant-ivy,52,1,1,0,1,0,0
a2ba6d54852aceda5e3bf9285730da743ef04e77,commons-compress,26,4,1,0,4,0,0
a2d367db9446287c22821f6595217ec5180ec959,ant-ivy,1,1,1,1,1,0,0
a35b256ce3c2aebcc96d054b2a526bb37b4f0bd4,commons-bcel,74,1,1,0,1,0,0
a3cefc2063d220efdc8a42a66164a5ff0bfd690a,commons-dbcp,59,4,1,0,4,0,0
a428e428df2766f1d1b2b793b3f812344fa61fdc,commons-compress,3,1,1,1,1,0,0
a433f625f89c1d464b05186411ff20802e292fb4,commons-compress,278,1,1,0,1,0,0
a458e1a2f3cd1ccd692f1530b64d3143c9beda51,parquet-mr,1184,7,0,0,6,1,0
a4ae7b2374bfab3729937f8e293f3621d3b07654,commons-net,12,2,1,0,2,0,0
a4ffd393334bb3d825738581add321c94f47983f,commons-math,23,1,1,0,1,0,0
a733b7a87ce7abc0da33a3d56da82b72407683d8,commons-jcs,1,1,1,1,1,0,0
a7a380f93478356b287791b917d6e68e89d20a8f,commons-math,54,1,0,0,0,1,0
a87c98163505fab39bcf8461b11fbb909a4c1bed,parquet-mr,613,12,0,0,9,3,0
aa4861217bd3f6876331309a92dd5eaff303b1d4,commons-vfs,5,1,1,1,1,0,0
aad194a34655f5c1ed5e4b221ea9d01aad166b38,commons-math,1744,3,1,0,3,0,0
aad6359c39d59176c51e0d4e5ee31def1bc10077,commons-io,40,2,1,0,2,0,0
ab1ee1b68b15234b62a840c4b1f6d2485d771450,commons-codec,1169,6,1,0,6,0,0
abc2d23900ff5adeef648879af6bc4d2f79c261e,commons-compress,15,4,1,1,4,0,0
ac306ed984bc863a37731a1cb73c415b7658a7e9,commons-net,6,1,1,1,1,0,0
ac65ef8457de014462967ee6d9354ed43cace618,commons-net,9,2,1,0,2,0,0
acd569595ee919d1afed3884cf7584cc609ad9ef,commons-math,2563,2,0,0,1,1,0
acf6e75f21c004eb498a7317e12c0bc3e491deb3,commons-configuration,12,1,1,1,1,0,0
ad443210312d2420efef6d03a0296d71e71feb22,parquet-mr,54,1,1,0,1,0,0
addf9529dd35a7a01b3baee7472736dcff28d294,commons-net,22,2,0,0,0,2,0
ae01f0399cae6baab045b2ece0d71096aebe8ca3,giraph,494,5,1,0,5,0,0
ae1e4c3704cb315c241e4512f101fd101e64069f,commons-vfs,16,3,0,0,2,1,0
afc1dbf04e163963fe32d080c889eabe3bffdfd8,ant-ivy,29,4,1,0,4,0,0
b0580d508bdee2903f05d95d59e6e9a1dc9d710f,commons-collections,121,14,0,0,4,10,0
b0e7365e0cd233ee93d05f620dc141992efdfcdc,commons-collections,785,13,0,0,10,3,0
b10528a62e51b2c5fdc0c4b7884cc93f03f8ce96,commons-compress,60,15,1,0,15,0,0
b12610d35e7798c66fc1d9b0811d10aadb87569d,commons-math,11,1,1,1,1,0,0
b148046add84f6c5bd19aeceb10c1a0fcf2e1283,commons-math,11,1,1,1,1,0,0
b17feea4827863c85207c0aaa5c8c5b035d27df1,commons-scxml,503,8,0,0,4,4,0
b45c4bdb496381b5f90df6872edca12e0a2e68ca,parquet-mr,278,2,1,0,2,0,0
b6e5ed05866242eb6c7c23a82d3b892d4461bb54,commons-lang,6,1,1,1,1,0,0
b72b5c716ac18150396d05988d9eab745bea02b9,commons-compress,19,3,1,1,3,0,0
b73ff92c29ff18c5cbe81ef75e44ba752392b0d1,commons-bcel,17,1,1,1,1,0,0
b7fb9eea768a6daac93d1835726c737153f45ef4,gora,37,19,0,0,17,2,0
b82d96218bfd37f6df95a2e8d7675d091ab61970,parquet-mr,128,2,0,0,0,2,0
b87ba478a390a8dadd681bda54d0e2e21811cb1f,commons-vfs,80,1,1,0,1,0,0
b88dd3ed853738b8e7fe9652b953db569bf7f79d,commons-compress,10,2,1,0,2,0,0
b925070f3842ac0ae2cd816d7dc99233e7a6ddce,commons-dbcp,2,2,1,1,2,0,0
b985d79f12b7110e9b1e13dd437b25ebd40be551,commons-configuration,29,2,1,0,2,0,0
bb014c3ebfe20bf7a7fce5e7a8124121de695350,commons-math,88,10,0,0,7,3,0
bb7e8951cb6ef08ca9df5fc036217c3a45c4d33c,commons-math,2,1,1,0,1,0,0
bc8e23808b9d8d0c9b67270ef35d04ebd9d89cc8,commons-lang,22,1,1,0,1,0,0
bcba9364c60b6b24dc916b1f30af6912c73949e6,commons-net,4,1,1,0,1,0,0
bd1c4ff86fa21358949e925274f5b8146f5d02cd,ant-ivy,17,3,1,0,3,0,0
bd2d4a000c4d5b4377e9a28bb225d3f61d45de31,commons-vfs,40,1,1,0,1,0,0
bd7788b384a87024ddd6bbe6a9bd9a167cf2ec12,commons-lang,3,1,1,1,1,0,0
be2aa80bc371d600ab2230c545051ea6454577f5,ant-ivy,22,2,1,1,2,0,0
bf30b1f2af61a37d8e1215e1af6022ede913dc2d,commons-bcel,80,45,0,0,40,5,0
bf7e9d505a75728fd69a51b1bee30e645c813c27,commons-math,122,1,1,1,1,0,0
c266a88173dd8d12da5519f0b4f114e9441e92d6,commons-net,1,1,1,1,1,0,0
c334a1bca8338c92e76f0f1cf2ef4884e3eb5dbd,parquet-mr,37,1,1,0,1,0,0
c3768b0fba8f2f565118c611f4ced4bd6143d022,commons-beanutils,80,1,1,0,1,0,0
c3936baa95fdf419754a544dd1810b107ea1616a,parquet-mr,55,3,1,1,3,0,0
c3f8825c6b07812567c37c2901fd13851154ae85,commons-configuration,46,1,1,1,1,0,0
c4193c6e4ad3e5f526df5d1e0748abffcfd08bb2,commons-dbcp,1020,2,0,0,1,1,0
c4ddbe6456c9631c301171098a8ac016eb4e582c,commons-lang,156,3,1,0,3,0,0
c5ae09d77e8756ab73e1c39f77f1b303aa4ba384,commons-math,67,1,1,0,1,0,0
c5b90dc474fbc86b57631123e1f4519d758cd4b3,commons-math,9,6,1,0,6,0,0
c61c68d802266e0265a60e81f2eb5ae56e14b315,commons-compress,113,17,0,0,16,1,0
c66246c26429180e6a1d1a92499b8d2b637790a5,ant-ivy,51,1,1,0,1,0,0
c6764c4a0848abf1d581e22df8b33e28ee9f2ced,parquet-mr,1302,8,0,0,6,2,0
c6c087c9f8672bc386d93994e49e68dc97087896,gora,130,2,1,0,2,0,0
c7d6d6fd0d30f0f98b87c0a2c50f653839e4e1fe,ant-ivy,25,21,0,0,17,4,0
c8ee9f781900f874b075433141de779723b3e110,commons-compress,12,12,0,0,11,1,0
c96a3e5a40040ef43e0a51935a368458763d3424,commons-bcel,127,11,0,0,10,1,0
c9c4dfa594ab2901ba627d68c0fc043806ec0ab1,opennlp,43,2,1,0,2,0,0
caa82d3e1b0019b373c55c23168bb8c007fd6100,commons-vfs,83,2,1,0,2,0,0
cb04562742688f8a444a52c90b2183c4be528be6,parquet-mr,89,1,1,0,1,0,0
cbbeae7719943308494825574a0002ea649b3de3,commons-compress,81,4,0,0,3,1,0
cc06ae9bf7a1fb6cee46c40d2a6388ac05d3f5d1,ant-ivy,8,4,1,0,4,0,0
ccf1b0aa6159ad15c07cbc75ce6b9f17ad18f9f0,opennlp,68,2,1,0,2,0,0
ce8cb2ab13dfe6b68fc1ecbf7ae0f165e51014bd,ant-ivy,3,1,1,1,1,0,0
ce98d00852e21ce34d8d247db7f6be138967b559,commons-math,65,30,0,0,28,2,0
cfa7c5e3bba0efbc88dfb2fcafb983723a1606bc,ant-ivy,39,1,0,0,0,0,1
d02934150a04489fa20f108d6695055c85dcc206,commons-beanutils,114,2,1,0,2,0,0
d0af24cdff2aecc9c63affbb395759d8ab44aee4,commons-net,79,2,1,0,2,0,0
d0db7f2df94c68120e72de479c773dc77d359f14,commons-configuration,93,2,1,0,2,0,0
d1758567765117cd395ea47319d3acde7fc663b1,ant-ivy,29,4,1,0,4,0,0
d1e97bc85338c563f4f732bcf917a08b3cbf4792,ant-ivy,10,3,1,1,3,0,0
d254cf2bd17588e5111841b0ca0d349a0f4a6fd2,commons-dbcp,1,1,1,1,1,0,0
d2cabb3883e5847f39f41ad8cc7ce5adf8c6959d,commons-vfs,6,5,0,0,4,1,0
d3252a5ca5571e0a97e9a31966ec6b847a3a8574,commons-lang,2,1,1,1,1,0,0
d378d22b164cc87b517b99af7f14e0c7cbc83faa,commons-beanutils,108,1,1,0,1,0,0
d385c90c2e74fdfc0070f7d92d6d0c260251fc16,commons-math,48,48,0,0,47,1,0
d40c01673e866c3c3b5b51bce66e9518924cc31c,ant-ivy,11,1,1,0,1,0,0
d41364faa4f73fc885dcc9e99a838e8fa4c95998,commons-math,11,1,1,1,1,0,0
d50feb67569fb5881b8a2ff5996f656c5f207c2e,commons-compress,197,1,1,0,1,0,0
d53e67a4a8ab87434b5704eacea37f98d126db15,commons-dbcp,152,1,1,0,1,0,0
d6f082b9be5d507ff60c6bc83a179cc44015ab97,parquet-mr,583,4,0,0,3,1,0
d83cdb913332b02fd310f5cdf3df045162c4cc54,commons-math,243,6,0,0,3,3,0
d8bbd2f6cb457e84429ef13425851beb272a09af,commons-net,8,3,0,0,2,1,0
d8bfc8c8f8864f9c22e0409780d5dd3fb30497ff,commons-math,414,56,0,0,53,3,0
daa69a5981c7c12e0af5922f0a07653446261b07,commons-compress,29,1,1,0,1,0,0
dc4d9a2a7f5d2e40fc1e28c3b8da011306d7dccc,giraph,225,5,0,0,3,2,0
dcd1c33f0dba247b43418b922c1c3a2fc432dc11,parquet-mr,55,3,1,1,3,0,0
dcdfd7ed9e8c34637a54e52ffe1eae6692d05e01,commons-math,52,1,1,0,1,0,0
dcf38a0d2a49b6b96c557aa4475f734a6ab2dc02,commons-configuration,2,1,1,1,1,0,0
dd92a9db6b288def8159f30336f6793239882c9d,parquet-mr,437,1,1,0,1,0,0
ddbeb4dd17d9c219b99b1e66d8be28efe37e3aa6,parquet-mr,3491,3,1,0,3,0,0
ddcb014f074dde2f0e442d6493ec7d834df5bbf4,commons-jcs,245,3,1,0,3,0,0
de0efb07518082439b9a5cccd503270b09f40e84,giraph,294,3,1,0,3,0,0
ded56ffd598e41e32817f6c1b091595fe7122e8b,parquet-mr,567,10,1,0,10,0,0
def1380280b9be6d166d3938ea4b0254e9b55dc9,ant-ivy,29,1,1,0,1,0,0
dfc6dfa3ed711d08678fabf98fb70bdf1170820c,commons-configuration,129,2,0,0,1,1,0
dfecbe970917754511a081f8b86efac211e624f6,commons-lang,10,1,1,0,1,0,0
dff4cea14174548f52d6fcc66c9bfd7a339b7336,ant-ivy,29,1,1,0,1,0,0
e02facfe1a2116423c826e66ae093de0f5e241f4,ant-ivy,1,1,1,1,1,0,0
e21d4d436b51d88f9554751982cd7b8552854c49,commons-math,2131,6,0,0,5,1,0
e280c8636792c5426e54868d464c9d28287a98fb,commons-math,1,1,1,1,1,0,0
e3b95020f777eb5e0651977f654c1662e3ea1f29,parquet-mr,520,32,0,0,28,4,0
e4472979707c9e59ef5edc9f6541902310d3d036,commons-bcel,3,1,1,1,1,0,0
e484646c60eaca1f89921db7058d8927302d7226,ant-ivy,27,1,1,0,1,0,0
e5a21c4bb27055cad85f1d9dd494867c0fae8c22,giraph,28,1,1,0,1,0,0
e5a3039f7a1e727fca40db7357a9191b6a7cf41d,commons-lang,4,2,1,1,2,0,0
e5dc3ad337f2e6650b7422dd7584a072974b1270,commons-math,168,1,0,0,0,1,0
e650290f85e431f59ba3e11953fbd1afdd16687a,commons-jcs,71,2,1,0,2,0,0
e7a431fe539df61d38a602c4c44820f1ee0cc4a5,commons-scxml,198,2,1,0,2,0,0
e80b85d504ae9fb64b8cff4f05bc3a3a4ec8f716,ant-ivy,122,1,1,0,1,0,0
e875e6d59875be86fb8de8df7642c370b652eb76,commons-math,133,1,1,0,1,0,0
e8d0d4c1ddb40c7752fd4ac6a70ee619323deb4d,commons-math,100,4,1,0,4,0,0
e8db7237a9c347d2225fce9b49ff92bb741adffa,commons-lang,8,1,1,0,1,0,0
e91d0f0510ee8d69c76ee89b4e57341418866c6b,commons-math,6,1,1,1,1,0,0
e972869486f85c3424875a443eb04bda2eeb6bd3,opennlp,71,3,1,0,3,0,0
eb15183f8f1272ee3cfde61eeaf048c2280f0e23,commons-bcel,5,3,1,1,3,0,0
eb2b89efbe15ab0b70fd94f0ecd0aa03866fb4d2,commons-lang,332,1,1,0,1,0,0
eba2b2899787ef0476c1dd8852aba5b0adb4f5f3,commons-scxml,1027,6,0,0,5,1,0
ed3c3be6015564a3d542dcccb68123ff1a846ec4,commons-net,7,1,1,1,1,0,0
ed73c356c7a7987c78b8f6ee6dd7ec1e5f9b3e67,commons-math,140,3,0,0,1,2,0
edbd9842cfca892b10c2e9c8da0384fe005cd67a,commons-lang,3,1,1,1,1,0,0
ee5885049faf1933fac107065874d54a2c6ceea3,commons-configuration,54,1,0,0,0,1,0
eec10fcf0c795bdfacef4c9933585f65f953fd58,commons-compress,29,1,1,0,1,0,0
eee7e7c4b278274240ad7458da9d9073b7374415,commons-jcs,84,5,1,0,5,0,0
efa48b214d30537bb184884ea30ce817bb350153,parquet-mr,278,2,1,0,2,0,0
eff38bf063fbd052cfe47bca56e4b2d8073b6ce6,commons-vfs,13,4,1,1,4,0,0
f00c70d865c12d1c6679d0982c31a7916b56bdc2,ant-ivy,267,5,1,0,5,0,0
f0ae42aa934c10686c613277bd7a0837f6a1602d,commons-math,99,4,1,0,4,0,0
f10cb0ae4f7e395bff64990f94cf32ffa21b668a,commons-configuration,77,1,1,0,1,0,0
f1a582111a26c4044c289d96ced42fc1621212d1,commons-compress,5,4,1,1,4,0,0
f1cbfeab32df7fa41945204568e01fb2d4c4a4b8,opennlp,24,2,1,0,2,0,0
f1fc61922c3d8b4aefa26f6f51f0fafd94baf28a,commons-jcs,77,1,1,0,1,0,0
f3539c7eb312b127122084279002d3fd238c9a17,ant-ivy,1,1,1,1,1,0,0
f36294048060163b60cb5e4cf8a7bc09667353e0,ant-ivy,468,6,0,0,5,1,0
f3a785108f853e327001dcd435e92525d7fba96c,commons-math,50,1,1,0,1,0,0
f43590aaf5416ce79cb1aad770c83096ddf2a5c2,commons-compress,23,3,1,0,3,0,0
f43f450093876ba8ae164681789cad0e6ea4b68e,giraph,973,1,1,0,1,0,0
f681764a1b3fb9daeac57266418a874794d22809,gora,246,3,1,0,3,0,0
f7ab3a70ec426669398b4f16d0f2dd5458d87a2e,commons-math,165,15,0,0,14,1,0
f7c09b93c2386c6928a082e96d1ddd0925a19092,commons-io,18,1,1,1,1,0,0
f83bbc1d68bd457dfccd370afb248126ce031eb6,commons-math,38,1,1,0,1,0,0
f8489499aa6d460a7548b14d516638b0bd7b862b,parquet-mr,9,1,1,0,1,0,0
f87a7ce9321b4901a77786387cfe8026f1249721,commons-compress,4,4,0,0,3,1,0
f965bc23bc9f12748b6693424f829b6b08c8a71b,commons-compress,207,3,1,0,3,0,0
f9ce41a0d6be994f6aceeafaed71f23487770aa5,commons-vfs,55,1,0,0,0,1,0
fab114fa0c0dfff6c3541fb08de6c261dc5710cb,commons-configuration,57,2,1,0,2,0,0
fafecee712bc9b2ce8ef081d8170cdf99c48288b,giraph,1676,6,1,0,6,0,0
fb7e1e265dd9e560b3a3127a6593b6602f60026c,commons-math,35,3,0,0,2,1,0
fbf5a51ea5f700be8d92a4485e468ebfb67cf310,commons-math,53,2,0,0,0,2,0
fc4bd9b4d0f05c0706f19e20c0fa6cfab852b719,commons-collections,452,4,0,0,3,1,0
fc939bf6838f4bf986e0b42fddee3df6712371a5,ant-ivy,12,2,0,0,1,1,0
fcae8332d2a1b3a3fe0a971aee0493484e33a70a,ant-ivy,36,1,1,0,1,0,0
fd19235ddf3b1e0290fa06e67ab30eaef2312cf1,commons-configuration,12,2,1,0,2,0,0
fd9a406ee4cfa64b8ff4e898564d20ad142a8765,ant-ivy,192,1,1,0,1,0,0
fe96b3bb16be25bf936daac1d004e579f1ca770a,ant-ivy,1,1,1,1,1,0,0
