split,project,commit_hash,our_label
train,commons-jcs,01e5e6542a4dee9f5d4cfd2fc23db24b4b8e0a7b,0.0
train,commons-vfs,0378d1710c175b952a4f19338e12b1ba4861a613,0.0
train,commons-math,05d16ea5e03ca7f0908aba0c087e66b5a5eee21b,0.0
train,commons-io,05f4b42cc0b32a5273fd518c8efe7fb041e9baf6,0.0
train,commons-math,094ea7e70fa26d36796bb9054cce0834042753ca,0.0
train,commons-compress,100b54b43c505ddf5d2eee217f8de6cd5b04b508,0.0
train,commons-lang,12431fdb8fccfd0474c2a0d7666dcd2c0eed6e5f,0.0
train,commons-io,168faab974a90e242031d39f9e3114dfd55dcddd,0.0
train,commons-scxml,1c239cf9ba7766b02afebce07193591da127be5d,0.0
train,commons-bcel,2bd26ca1099e08153cb7c99bfb9091e78a031ef2,0.0
train,commons-lang,329b2576f8ae8802d85d295ca18e3d6d56a08e7f,0.0
train,giraph,345b3d965d42efeafa0b2e7dba2a505c1fa1d771,0.0
train,commons-scxml,39ed0ebba422265328289727023253ff5e73dbb1,0.0
train,commons-bcel,3b7244fa245acef49cd23f84d0ac2c8f68c8108f,0.0
train,giraph,44ae3c38c5560f869623a6f286f5c657b6d9a37f,0.0
train,commons-digester,469843ec4718b80f5b89c9059613488e069c52a5,0.0
train,commons-net,4705df354608830db5d53e6dfb476b2b032e886c,0.0
train,ant-ivy,497892482ea456c82dd3ea2eb24e30f10865ed17,0.0
train,commons-lang,4f7de5d63824746cf8182bead476e38172bf2032,0.0
train,commons-codec,53f15e128a1b5fd872c68c922ec8aab1b1a8c578,0.0
train,commons-math,5a589042b9e1bf186618bedba4cc8254187b0d66,0.0
train,commons-compress,6179d0e9ed81b74fd721d3d98d211f2d6ae2c5bf,0.0
train,commons-collections,65eb026acf37ddd40baa50eab331a699f29b9a7b,0.0
train,commons-net,68b52d41d1d1d9dbe750fdcfdbf4e85b82ee4ac8,0.0
train,commons-lang,6c691d01bd7b6b98acce9be406a6eb5924f26302,0.0
train,commons-codec,6db3ec307d73d1f80391e593789d2175b668d761,0.0
train,commons-io,6ecc948a706517f8969fa80162da250063466946,0.0
train,commons-bcel,6f69e9b2ee4791530aa71257c3dba45d13b1321b,0.0
train,commons-net,75c0210ca1e748b0556489005704d736c5ac112d,0.0
train,commons-io,75e05a81366582417d54a04ef5204e9d76894271,0.0
train,commons-net,7b366e3559a982c56fce8ef460b416310c5a929a,0.0
train,commons-compress,7e06782f1dabae328d0307c626e479989310fcab,0.0
train,commons-codec,8317dc1a2924cfdaac6171418feffa7d15dfa311,0.0
train,commons-math,83dfa0a5c07b100a1ba2f73a30413483ae2a8f5b,0.0
train,commons-math,88b7d7f6fc23b89ba0fd6fc32ddbaf87cb805496,0.0
train,ant-ivy,8bc2bf074a3f448b17069bad07d842f40abd1ff6,0.0
train,commons-net,8f5e197dc5b73fed05d2661d152855107bc58b01,0.0
train,commons-net,92a49d9f04650358740bdc854022ddc918f9a8a9,0.0
train,commons-net,9803d74b6728d1f7141906dae1ed724d478dee8c,0.0
train,commons-validator,9a02a693602528759187233ec9e48541a856b66c,0.0
train,commons-lang,9a76dcf3c91ba74e1c5cbd8fac486d770605db26,0.0
train,commons-net,9b32d6d4d9fc84d570945fdc6aa1ced0e0082f68,0.0
train,commons-io,9c16abaad33a595959b5f82b1bd98ee884f334e9,0.0
train,commons-math,a0b1c747b514f6648166bccf8e209f6dcf31b247,0.0
train,commons-lang,a28a5c875f333849579a95ec29804f4bdb77e925,0.0
train,commons-math,a3053da744783002b7d51f89be9f869126924c8e,0.0
train,commons-io,ae5478f721fef2e41f248c6e85298714c8f6c445,0.0
train,commons-digester,b1e075caab343ac6b0e95629ec0cff928e31e9cc,0.0
train,commons-lang,b310b05700eacddc81647e59b777f4009e8316e2,0.0
train,commons-lang,b73111983b7916b3944e2178d079f1326cd8df06,0.0
train,commons-compress,b739157d5b7d7ce8d4f6089ca45006ca92a490d5,0.0
train,commons-io,b7ff34d44c574d035b4ebdb5dcfccc373f08a05d,0.0
train,commons-io,bdc067102ba6595831ff30ff957f048c42652b39,0.0
train,commons-vfs,be3356c5146ad904d86ab4e80bc2529795961808,0.0
train,commons-digester,c014be6a3b8cd7ba3923a6be4fc2890f9aca7906,0.0
train,commons-lang,c0798a65fc16d6c465681866101d369aa7f78de5,0.0
train,commons-lang,c341321e0ca9cdd9d3efa17961d0306d78802ffe,0.0
train,commons-net,c809cee8446e77696ccfbb5f3af4d9d68033b508,0.0
train,commons-lang,c8c7a0c491f3b18f086f10809ffb11ab7f02db52,0.0
train,commons-math,c98ff85082ca15c7474934d10924f8436373a3a3,0.0
train,commons-net,caf4e8bd4bc80eccb9597c3c0b2059ff49a469da,0.0
train,ant-ivy,cb10f84acb4e744a1d775c90b36be36e08fe24fb,0.0
train,commons-net,cf1617f3f3070c3072325801763100ec76912d93,0.0
train,commons-io,d2a8c83223fd79e89e751ff9386eb748ce040af9,0.0
train,commons-codec,dbf200d03744364dedd37de6437e06db48189d9c,0.0
train,commons-lang,dd5f8ea30755268dc43bbf2cd5024412674eb1b0,0.0
train,commons-math,e0f684748b88a85917f2345a3e9b9189c7c72997,0.0
train,commons-codec,e24aa373474caa6ea6da7c542cc2575138960fd0,0.0
train,commons-lang,e5ccf096569244af25820f7d8d94893fff00ce8c,0.0
train,commons-vfs,e7ef0c0c63b5f253c307a3cb3b4d208be1664170,0.0
train,commons-codec,eb237a9d303c4c551345e7ad7795725676a7dfdc,0.0
train,commons-dbcp,f5056938a997e0058a20bbaa4177e8297cebbdfe,0.0
train,commons-collections,f62b8ed90016db2f48658405108b347134379400,0.0
train,commons-math,f9a9cde5fbed80b2eeb475c0fae8e930cb366449,0.0
train,commons-bcel,f9c55314dd9634dff16db0cabead85d39e7efcdd,0.0
train,commons-bcel,fc373557ac4763cd889b3af8662259eaf2303946,0.0
train,commons-lang,fd6d8a4a3db42c950e6d6d0267fca8abf15b4325,0.0
train,commons-bcel,fe2fa82fefca17a7e8e8aced922bd75632ca49a2,0.0
valid,commons-bcel,0137376d538261f22180566ad866eac0247bd2b0,0.0
valid,commons-math,0864279db2f62b455b9a20183ae708d280cd132b,0.0
valid,commons-codec,0951540e669bc5b0f332bd821a269d409c9fa6bb,0.0
valid,commons-jcs,0baf917b85f2cb67b167269b10846aaa220cc37b,0.0
valid,commons-lang,0e2e37bb83cc11b87a578c013c14d22a91a54931,0.0
valid,commons-scxml,1eed3c921c2f913fa2dc690c5429273f0934fee9,0.0
valid,ant-ivy,33deae33c51d391f9fa1ca0a19fad921d16e93d1,0.0
valid,commons-validator,3462b7a316fda78c327e217e873ac57183c73fae,0.0
valid,commons-io,38e33010a472dcba109bfd26c761805902b723d4,0.0
valid,commons-net,3d5e169b975731cb028a7974d81e7be0f2f60282,0.0
valid,commons-lang,442eb55948a4a07d683146e50a6dbb95470176e5,0.0
valid,commons-net,47fad26b48e2d8d6863e15312ab5746fa88ab591,0.0
valid,commons-vfs,483b14f8a723174a5744d6be1735e8f568d77e13,0.0
valid,commons-lang,4d228ddfeaeeb98aee093dd3c79778ecdf5ffc08,0.0
valid,commons-validator,58a343b1d904d96a62dc5d1b9023824e4d234c11,0.0
valid,commons-net,5c025d31fc6462f3eb7d1c61e4e9b52779d6bb47,0.0
valid,commons-math,5e7b146f9eaabfe76e71f712a78dc78475135c9c,0.0
valid,commons-dbcp,617dc66006c88461aac6bb405f493682037677ce,0.0
valid,commons-validator,63a1933ed8eb04a1b7924238710b8740916509bd,0.0
valid,commons-io,676aa790441780aeada06499fad9b3321618ebff,0.0
valid,commons-collections,716a128f2a6662142c13f9ebe15702577811f696,0.0
valid,commons-net,737a076added6e41719d205ca9aa5261e68e5002,0.0
valid,commons-codec,7fb904ff9e0d5903fa91d967543aed54d97cfe36,0.0
valid,commons-io,812feb984875881325a1f4ba0b917bc405f146e5,0.0
valid,commons-digester,94d9ecbd0ea81c957d6bcf83d934a7dc744b473f,0.0
valid,commons-digester,9618ec936e0612c3bdb480676619d3f93fb467ac,0.0
valid,commons-bcel,a300945e54f7f7ab3a86c7de05d723d4f702b16e,0.0
valid,commons-lang,a5420133ac3636db423b873746644925d2560604,0.0
valid,commons-beanutils,a8796fedbf4e35d68a6e7c9b0bc0395338414906,0.0
valid,commons-codec,aead18acdf24c7619bd2b63a39603b20ccbafba9,0.0
valid,commons-bcel,af89ae58f914f400e198be73bc43ad556681706c,0.0
valid,commons-digester,b9bcd190e43a007f5ccd4a9dec95c5b653b1dd49,0.0
valid,commons-bcel,cd10b153b1b3899636a3073a857d1c40fa96fa98,0.0
valid,commons-bcel,cf39e4cd745289a2adac23354ed4c1b1d82b4c26,0.0
valid,commons-codec,e1232cdff4ed4dc5157aa0ce03ad5c6d941cf7e2,0.0
valid,commons-net,e25ab319c95f4f2bf76815a9eb6df20be1cdc111,0.0
valid,commons-bcel,e9b1c00018d79668e0fd747a2c4500cfc15a21f5,0.0
valid,commons-validator,e9ee891889c3f8e2ea13be7588e97192a0fc901f,0.0
valid,commons-io,efc754a67cddd2dfd0015498b2ee5218c6025ef3,0.0
valid,commons-validator,f1a42a677bbc6e36fc53fc0812ccc9877bd0e0a7,0.0
valid,commons-dbcp,f1d1693bebf758234e28e05c5f6d0a9a5083a87e,0.0
valid,commons-lang,f9837a072875856325c3c2e9ec41b3a05bd86152,0.0
valid,commons-bcel,ff700dc59934e936426cc373d751db8ed7e6433f,0.0
test,commons-validator,0b28374cea07a63f32ae996c9b43f2dd519cb478,0.0
test,commons-codec,190b24bcb395e1772624c7f7c3c0bc76876d47e2,0.0
test,commons-validator,23d4b3363b867a3dc9c40d6b90831d0135691756,0.0
test,commons-net,2586f75769dc9c82de31c47412f3b41076a9c55b,0.0
test,commons-collections,2a069edb7e7c46ef3c1f56e8fb6cadb779ed2e42,0.0
test,commons-validator,2ab24146742814814a56c4277c8e25b2238113da,0.0
test,commons-lang,2b15e1f43de16d204a28f72a530abcc24208f4d5,0.0
test,commons-validator,2d611069d28aa79786b7503346ba5a7c4fd3df54,0.0
test,commons-net,31044ba56dc378d68c04334b66344a718116821a,0.0
test,commons-vfs,31b4fa6189e23d1bfbeadc4357bc680bb0dbfff7,0.0
test,commons-io,33a52972db9afbe9baf2be23d8faeeb9bab01ea7,0.0
test,commons-vfs,3e1cc8f9b982bce46c6471475bae47c281be41dc,0.0
test,commons-net,4115f80821f408d6bf57651dc9ac6f8a296f8790,0.0
test,commons-net,42874dde9a3ae6dd3d6b49b8c78b4bf4c7f893c1,0.0
test,commons-beanutils,430f96525f80fe4909208ee4d2aaff81c312aff5,0.0
test,commons-net,45113dcfed17aa8cfb9777bbce366a1fe9af65df,0.0
test,commons-validator,4761025603e130c659cf40e5767c766bee6cf537,0.0
test,commons-validator,50c667a121b91828f50593850b94faaf846fd643,0.0
test,commons-compress,5375fd9dc55f1dd01e155af8646d1ec67bd6be29,0.0
test,commons-digester,53ff1658012cb1605894f739ebe48e598fe81f38,0.0
test,commons-codec,5ce931b904d1f2961078b99049c293c11e779fec,0.0
test,commons-bcel,62950beb8d9ae79097a7651cc3e1fcbd8d5e31f6,0.0
test,commons-validator,6320e4fe55ca5390894042b4aee769b640f30aa2,0.0
test,commons-validator,63a111bcb0d676bea8b2568330aa7c01a1d35c3f,0.0
test,commons-collections,6ee118d2a12a4c0bde2c5b828e05ea9b18d4be2d,0.0
test,commons-lang,756ccc935ef2a8f9f48e96f28c7c622ffb3e6627,0.0
test,commons-codec,7b67f1bbc2ed78561db2527e3035bcf1b49e2817,0.0
test,commons-lang,8274993e293a79fc75829df398233915a6387a4b,0.0
test,commons-lang,86a59601b570585dcb7a1ce3d1ccc8e16008f53a,0.0
test,commons-validator,8e4ffb044bc78cb8c317e14e9c25b0affc28df73,0.0
test,commons-lang,8ef8e2a7a5326eef6180951207f65d3c29bce419,0.0
test,commons-validator,91300eb4de2b72c7dd6a2f300ccb38cf9e4fd99c,0.0
test,commons-lang,9625891a7bbc0a8b11f7cf9c2b4650775ec8ac53,0.0
test,commons-validator,97bb5737b3df25c876719851eb59d4b2c68e5616,0.0
test,commons-validator,9e95e23f8b114a141246ed8ed4aab2a68c94d1be,0.0
test,commons-math,a14acdf6395f588dda7597bb4c7810dacaa503d2,0.0
test,commons-validator,a44ec12c0f7dc53c50486177710801c0e8526825,0.0
test,commons-validator,a5138f48e8a08b57124dd88d7b41e9ae99f4e59d,0.0
test,commons-beanutils,a653374b2871d67f51cbb4ad2083444e9c3afe1c,0.0
test,commons-codec,a9690db48eadd3643adc34cafd6ccc5d4a5bf589,0.0
test,commons-codec,ae5df796be80dfafb523072e4efb30e34dbee46e,0.0
test,commons-math,b8e9475505fee98aae2819c03a33c7aa3db843d3,0.0
test,commons-io,b9c2c119c18dea618854e43639284a6eb799c925,0.0
test,commons-validator,b9d80c7c713bedba5bd8a40c0e46b25d32c0fa1e,0.0
test,commons-validator,c53e5639b7e149e2ea9efe78a9217afdcf3bbcbd,0.0
test,commons-validator,ccb7ab62cd014b620e0755788e7c7a9fe9d3c10f,0.0
test,commons-validator,ce75ee2ac03aa084ff859667d6f7876807c1a1f0,0.0
test,commons-validator,cfc78759480f2fffad23e33671f6434bee1d25c8,0.0
test,commons-collections,d40336887992ddd75697d957b8bfcf09b5881ab4,0.0
test,commons-collections,d6b40fdbe9ead76ca40d81b0e7bfe568fbbbdf6e,0.0
test,commons-dbcp,de62c65578ee43d0f038db757b18954b54c49dbc,0.0
test,commons-codec,e246d2ac01f1ac741aa4673aed3d028e08a63c73,0.0
test,commons-validator,e88831c2367622ed95f0452433ccf84ad33d7106,0.0
test,commons-net,ebf09d320172073e83a57fa7cfbd2c53f660e1c1,0.0
test,commons-bcel,f53ac2222d10c1f749a616919f6bcc383f599cec,0.0
test,commons-validator,fe29c2dd861bfc0fe4c397f9f9b220b735ea4ce7,0.0
test,commons-validator,fe4cf39c6c7053f880dbedc6b0ba2ea1e66b2816,0.0
