step,loss,grad_norm,lr
1,0.23056236664706375,0.4507097005844116,0.00010296930045294415
2,0.14382225420558825,1.0043140649795532,0.00010286864620030196
3,0.3043203270572121,0.5540624260902405,0.00010276799194765981
4,0.08067223161560833,0.5134336352348328,0.00010266733769501762
5,0.6210210533463396,0.8235769867897034,0.00010256668344237545
6,0.4397979706773185,0.9820972681045532,0.00010246602918973328
7,0.05249252513749525,0.4004473388195038,0.00010236537493709111
8,0.07191895567666506,0.4753783047199249,0.00010226472068444892
9,0.07011372267152183,0.5232110023498535,0.00010216406643180676
10,0.0559102633560542,0.3768048882484436,0.00010206341217916458
11,0.44822325676796027,0.5835774540901184,0.00010196275792652239
12,0.0808070477360161,0.5261319875717163,0.00010186210367388023
13,0.11787860811455175,0.2452610731124878,0.00010176144942123805
14,0.2940670695170411,0.7808555364608765,0.00010166079516859588
15,0.1925388143863529,0.30097711086273193,0.0001015601409159537
16,0.2711560949755949,0.46087998151779175,0.00010145948666331153
17,0.2435816055512987,0.3965526819229126,0.00010135883241066935
18,0.3932697607342561,1.0235873460769653,0.00010125817815802719
19,0.2924076363478889,0.7142903804779053,0.000101157523905385
20,0.3093499051174149,0.37940526008605957,0.00010105686965274283
21,0.19631966854649363,0.25833767652511597,0.00010095621540010066
22,0.21195261038155877,0.22656093537807465,0.00010085556114745849
23,0.24904904499999247,0.2783433496952057,0.0001007549068948163
24,0.16836936149775283,0.23740629851818085,0.00010065425264217414
25,0.2583962556291226,0.3736721873283386,0.00010055359838953196
26,0.08277727911445254,0.5450135469436646,0.0001004529441368898
27,0.16903590958099812,0.5828948616981506,0.0001003522898842476
28,0.4579717979358975,0.9890453219413757,0.00010025163563160544
29,0.16856507503871399,0.20913803577423096,0.00010015098137896326
30,0.15025107670226134,0.39410170912742615,0.0001000503271263211
31,0.07911697419513075,0.5253421664237976,9.994967287367891e-05
32,0.08377485878008883,0.5466651916503906,9.984901862103673e-05
33,0.26542183959827526,0.42024946212768555,9.974836436839457e-05
34,0.25153603784929146,0.5766081213951111,9.964771011575239e-05
35,0.1812785388174234,0.29011574387550354,9.954705586311021e-05
36,0.35903292478815274,1.1038748025894165,9.944640161046805e-05
37,0.10412016048576334,0.7218002080917358,9.934574735782587e-05
38,0.4101803933735937,0.7519925832748413,9.92450931051837e-05
39,0.4268997040198883,0.5196719169616699,9.914443885254152e-05
40,0.11860930512921186,0.7666924595832825,9.904378459989935e-05
41,0.2615878403066745,0.41449230909347534,9.894313034725718e-05
42,0.358245948309559,0.8937423825263977,9.8842476094615e-05
43,0.13235082646133378,0.2933034896850586,9.874182184197282e-05
44,0.03728359773504053,0.2526172995567322,9.864116758933066e-05
45,0.2099503066347097,0.37588775157928467,9.854051333668848e-05
46,0.25464118764648447,0.8271955847740173,9.84398590840463e-05
47,0.11531147379810136,0.6838018894195557,9.833920483140413e-05
48,0.2357893794614938,0.49307259917259216,9.823855057876196e-05
49,0.061298692112814024,0.42952921986579895,9.813789632611978e-05
50,0.2370315856387606,0.4123125374317169,9.80372420734776e-05
51,0.29127439240437525,0.5321973562240601,9.793658782083543e-05
52,0.2075311455710107,0.6932603716850281,9.783593356819327e-05
53,0.0419330029997127,0.3139469623565674,9.773527931555109e-05
54,0.3224734048062601,0.6658700704574585,9.763462506290891e-05
55,0.1122983573509373,0.3465840518474579,9.753397081026673e-05
56,0.46381278260832914,0.9671382904052734,9.743331655762457e-05
57,0.37813342608842504,0.8073963522911072,9.733266230498239e-05
58,0.21916604526768424,0.5124531984329224,9.723200805234021e-05
59,0.09109672348904496,0.3066617250442505,9.713135379969805e-05
60,0.13550518154079327,0.3038930892944336,9.703069954705587e-05
61,0.2880657829828124,0.53094083070755,9.69300452944137e-05
62,0.30380452948224956,0.8571599125862122,9.682939104177152e-05
63,0.28299260017229244,0.7043280005455017,9.672873678912935e-05
64,0.28665905103480327,0.8368275165557861,9.662808253648718e-05
65,0.14984769783632146,0.39447930455207825,9.6527428283845e-05
66,0.1983799341685426,0.4115329384803772,9.642677403120282e-05
67,0.1413672476469401,0.7268122434616089,9.632611977856066e-05
68,0.029649119154782966,0.19069741666316986,9.622546552591848e-05
69,0.15541236374474465,0.8702734112739563,9.61248112732763e-05
70,0.10280319228286317,0.5401958227157593,9.602415702063413e-05
71,0.17475508739926227,0.6870288848876953,9.592350276799196e-05
72,0.11494279577345878,0.7044677138328552,9.582284851534978e-05
73,0.12601398241122297,0.3122856020927429,9.57221942627076e-05
74,0.2806212773811012,0.5872963666915894,9.562154001006543e-05
75,0.10897261172613071,0.3015478849411011,9.552088575742325e-05
76,0.40010836435612873,1.3770209550857544,9.542023150478108e-05
77,0.2309083767872835,0.7402373552322388,9.53195772521389e-05
78,0.2783133977604848,0.5403785109519958,9.521892299949673e-05
79,0.13259446898337046,0.6021554470062256,9.511826874685456e-05
80,0.11167729201406473,0.3393036425113678,9.501761449421238e-05
81,0.5744464193323893,1.3232351541519165,9.49169602415702e-05
82,0.20794218494847883,0.4875631332397461,9.481630598892804e-05
83,0.04126422372905836,0.2711320221424103,9.471565173628586e-05
84,0.08305679738123217,0.6178426146507263,9.461499748364368e-05
85,0.20018106530187652,0.4893159866333008,9.45143432310015e-05
86,0.21312859685349395,0.39352211356163025,9.441368897835934e-05
87,0.06285562013454182,0.20616725087165833,9.431303472571716e-05
88,0.20393347534991335,0.5213381052017212,9.421238047307499e-05
89,0.1446406326572287,0.32678866386413574,9.411172622043282e-05
90,0.2688769825062991,0.4133007526397705,9.401107196779065e-05
91,0.2349564368960273,0.5088996887207031,9.391041771514847e-05
92,0.19014790018991334,0.5241706967353821,9.380976346250629e-05
93,0.04956914189733652,0.30720144510269165,9.370910920986413e-05
94,0.2308510595394182,0.4587911069393158,9.360845495722195e-05
95,0.3843845219771538,0.722838282585144,9.350780070457977e-05
96,0.317457215865943,0.9203313589096069,9.34071464519376e-05
97,0.2712889978838575,0.5521172881126404,9.330649219929543e-05
98,0.32936959685093825,1.0150824785232544,9.320583794665325e-05
99,0.20398655553572098,0.6512768864631653,9.310518369401108e-05
100,0.11234303248784272,0.48142293095588684,9.30045294413689e-05
101,0.344971040220571,0.5626891851425171,9.290387518872673e-05
102,0.15398727621868602,0.528521716594696,9.280322093608456e-05
103,0.4186853977298597,1.5878384113311768,9.270256668344238e-05
104,0.46734923786971194,0.7150759696960449,9.26019124308002e-05
105,0.414607090089703,0.9892992973327637,9.250125817815804e-05
106,0.1047561999721438,0.44841140508651733,9.240060392551586e-05
107,0.3584143033094733,0.6370140910148621,9.229994967287368e-05
108,0.1813573006693332,0.4245731234550476,9.21992954202315e-05
109,0.134598716227174,0.7912200689315796,9.209864116758934e-05
110,0.24756739479926182,0.5022768974304199,9.199798691494717e-05
111,0.23844049785748211,0.45538148283958435,9.189733266230499e-05
112,0.19125763315832955,0.45246997475624084,9.179667840966281e-05
113,0.17427301081988844,0.39861544966697693,9.169602415702065e-05
114,0.28423389338604466,0.42482343316078186,9.159536990437847e-05
115,0.18406513983063633,0.3989471197128296,9.149471565173629e-05
116,0.09637049227194439,0.541317880153656,9.139406139909411e-05
117,0.14376462859195271,0.3270210921764374,9.129340714645194e-05
118,0.48821123855486803,0.9869933724403381,9.119275289380976e-05
119,0.5050059629247698,1.203944206237793,9.10920986411676e-05
120,0.33235257773537796,1.171433687210083,9.099144438852542e-05
121,0.225253203048851,0.43798625469207764,9.089079013588324e-05
122,0.05129968003529939,0.2879604399204254,9.079013588324106e-05
123,0.1081484380783877,0.5019101500511169,9.06894816305989e-05
124,0.047671838040969305,0.32575154304504395,9.058882737795672e-05
125,0.12075621358053468,0.2727854549884796,9.048817312531455e-05
126,0.05048939155676635,0.31529366970062256,9.038751887267237e-05
127,0.05044375342231433,0.3447050154209137,9.02868646200302e-05
128,0.12714582990520285,0.4113219380378723,9.018621036738803e-05
129,0.13757673176360186,0.33944907784461975,9.008555611474585e-05
130,0.13546625211802166,0.4512749910354614,8.998490186210367e-05
131,0.3755145299207925,1.045379877090454,8.988424760946151e-05
132,0.2314674658750846,0.5570176243782043,8.978359335681933e-05
133,0.0340829625963579,0.1688329428434372,8.968293910417715e-05
134,0.054211377656884,0.3476376235485077,8.958228485153498e-05
135,0.253286682563612,0.5829027891159058,8.948163059889281e-05
136,0.23081384807755967,1.1034936904907227,8.938097634625063e-05
137,0.19144967109741629,0.703305721282959,8.928032209360846e-05
138,0.3960937105857738,0.7892001867294312,8.917966784096628e-05
139,0.2777974056984931,1.0355074405670166,8.907901358832412e-05
140,0.2698516710752301,0.5999321341514587,8.897835933568194e-05
141,0.10929633994908272,0.5510132908821106,8.887770508303976e-05
142,0.3166278030960257,0.5804458856582642,8.877705083039758e-05
143,0.28988967882651195,0.4783843755722046,8.867639657775542e-05
144,0.4562965677955617,0.7719666957855225,8.857574232511324e-05
145,0.39100756309380813,0.8927310705184937,8.847508807247106e-05
146,0.056159616410809576,0.4327238202095032,8.83744338198289e-05
147,0.3920219933961562,1.1287866830825806,8.827377956718672e-05
148,0.1570527819894778,0.8488106727600098,8.817312531454455e-05
149,0.09091425286169397,0.5659191012382507,8.807247106190237e-05
150,0.2757448527499946,0.6218247413635254,8.79718168092602e-05
151,0.1617885465384461,0.4281136095523834,8.787116255661803e-05
152,0.1500028156733606,0.6284412741661072,8.777050830397585e-05
153,0.24497747686473303,0.8030596971511841,8.766985405133367e-05
154,0.23170481096713047,0.6068945527076721,8.756919979869151e-05
155,0.18786366080166772,0.42216965556144714,8.746854554604933e-05
156,0.2310664004226055,0.7391684651374817,8.736789129340715e-05
157,0.06551418764684058,0.4107274115085602,8.726723704076498e-05
158,0.08566310255355347,0.2508240342140198,8.71665827881228e-05
159,0.3202872245337858,1.0549055337905884,8.706592853548062e-05
160,0.3048821382690221,1.3009471893310547,8.696527428283844e-05
161,0.3216428580981301,0.5846202373504639,8.686462003019628e-05
162,0.2551907240365381,0.514049768447876,8.67639657775541e-05
163,0.29730821213797753,0.661343514919281,8.666331152491193e-05
164,0.21655829581686703,0.3909168243408203,8.656265727226975e-05
165,0.42048055192208267,0.9898480176925659,8.646200301962758e-05
166,0.1773091915592886,0.32127878069877625,8.636134876698541e-05
167,0.13100252380172606,0.47398877143859863,8.626069451434323e-05
168,0.26898238667854457,0.5702292919158936,8.616004026170105e-05
169,0.2846010083251258,0.599211573600769,8.605938600905889e-05
170,0.272888151666848,0.906328022480011,8.595873175641671e-05
171,0.11512418666825397,0.3644777238368988,8.585807750377453e-05
172,0.171697259469056,0.4655216932296753,8.575742325113236e-05
173,0.10544489822541436,0.44037437438964844,8.565676899849019e-05
174,0.1995473879408678,0.6175204515457153,8.555611474584801e-05
175,0.16420360773889797,0.5910863876342773,8.545546049320584e-05
176,0.14763542364130444,0.9362815022468567,8.535480624056367e-05
177,0.07492131932713164,0.5700264573097229,8.52541519879215e-05
178,0.1006601442468309,0.8225721120834351,8.515349773527932e-05
179,0.2006412334808374,0.7090775370597839,8.505284348263714e-05
180,0.3125300733686913,0.9846938848495483,8.495218922999498e-05
181,0.12303026554525331,0.5643970966339111,8.48515349773528e-05
182,0.32403901025637083,1.4217424392700195,8.475088072471062e-05
183,0.3536581723838026,0.8762903809547424,8.465022647206845e-05
184,0.4709043298302049,1.708842396736145,8.454957221942628e-05
185,0.2372228055018013,0.5555582046508789,8.44489179667841e-05
186,0.37244507224204426,1.1662019491195679,8.434826371414193e-05
187,0.08573167594408915,0.3929210305213928,8.424760946149975e-05
188,0.06976724679969948,0.29176172614097595,8.414695520885759e-05
189,0.0260424463069171,0.21857348084449768,8.404630095621541e-05
190,0.2803424695268859,1.2099486589431763,8.394564670357323e-05
191,0.10975284563767218,0.4617616534233093,8.384499245093105e-05
192,0.19763718368903938,0.5960056185722351,8.374433819828889e-05
193,0.19827686964467262,0.5718829035758972,8.364368394564671e-05
194,0.24231073889404797,0.5689619183540344,8.354302969300453e-05
195,0.15580896390008547,0.7613602876663208,8.344237544036236e-05
196,0.1917111260704587,0.4365094006061554,8.33417211877202e-05
197,0.10719358235246546,0.6745114326477051,8.324106693507802e-05
198,0.42985464573553145,0.8352115154266357,8.314041268243584e-05
199,0.35278692913021814,0.966946542263031,8.303975842979367e-05
200,0.7664441316252351,1.3309600353240967,8.293910417715148e-05
201,0.2755905935697456,1.3492127656936646,8.28384499245093e-05
202,0.5670773717964721,1.0665682554244995,8.273779567186713e-05
203,0.2426709996389036,0.566519021987915,8.263714141922497e-05
204,0.07291102693079665,0.2712421417236328,8.253648716658279e-05
205,0.14117272533394498,0.5098736882209778,8.243583291394061e-05
206,0.0786300895297245,0.4358636140823364,8.233517866129845e-05
207,0.2560336106689647,0.6834203004837036,8.223452440865627e-05
208,0.19026113161135072,1.1194396018981934,8.213387015601409e-05
209,0.23152093156932096,0.5078153014183044,8.203321590337191e-05
210,0.13688805360106926,0.6964958310127258,8.193256165072975e-05
211,0.09580853049919824,0.4391520023345947,8.183190739808757e-05
212,0.18521559737109783,0.45968401432037354,8.17312531454454e-05
213,0.20417496920117628,0.5426732897758484,8.163059889280322e-05
214,0.08718640884126216,0.30577778816223145,8.152994464016105e-05
215,0.22144391617166548,0.5090216398239136,8.142929038751888e-05
216,0.09737162380770314,0.28345996141433716,8.13286361348767e-05
217,0.09149445666002975,0.5032398700714111,8.122798188223452e-05
218,0.07329939029727939,0.5719062089920044,8.112732762959236e-05
219,0.10679420069754997,0.3587340712547302,8.102667337695018e-05
220,0.19983434246387333,0.6295644044876099,8.0926019124308e-05
221,0.4365994196914471,0.7219264507293701,8.082536487166583e-05
222,0.11956698335552574,0.5229384303092957,8.072471061902366e-05
223,0.2825395794693577,0.559033989906311,8.062405636638148e-05
224,0.23598343627668328,0.6310211420059204,8.052340211373931e-05
225,0.35453007270461967,0.6354119777679443,8.042274786109713e-05
226,0.24956844886401086,0.8923264145851135,8.032209360845497e-05
227,0.052041581713865526,0.4337385892868042,8.022143935581279e-05
228,0.13034658184460568,0.7704529762268066,8.012078510317061e-05
229,0.7655395020519791,1.454746127128601,8.002013085052845e-05
230,0.06358275156890159,0.4399312734603882,7.991947659788627e-05
231,0.2961839852941921,0.758897602558136,7.981882234524409e-05
232,0.10053070250523888,1.0309041738510132,7.971816809260192e-05
233,0.03500924246691284,0.21218793094158173,7.961751383995975e-05
234,0.48961359663371695,1.0121631622314453,7.951685958731757e-05
235,0.2353229266600465,0.46902334690093994,7.94162053346754e-05
236,0.1371840337124013,0.7905358672142029,7.931555108203322e-05
237,0.09340075544560023,0.5476243495941162,7.921489682939106e-05
238,0.12667362102183688,0.5530217289924622,7.911424257674888e-05
239,0.27556010405987763,0.4231583774089813,7.90135883241067e-05
240,0.08822063919797074,0.6467474102973938,7.891293407146452e-05
241,0.1426363790396863,0.3921375572681427,7.881227981882236e-05
242,0.31966945265594404,0.7729977369308472,7.871162556618017e-05
243,0.3107027363457746,0.5160781741142273,7.861097131353799e-05
244,0.3395549860160827,0.9715002775192261,7.851031706089583e-05
245,0.09600604180013761,0.2919691503047943,7.840966280825365e-05
246,0.3812320923607331,0.7328686714172363,7.830900855561147e-05
247,0.5001656133599681,0.9686691164970398,7.82083543029693e-05
248,0.13368214178080962,0.42634740471839905,7.810770005032713e-05
249,0.14629333244829468,1.0308685302734375,7.800704579768495e-05
250,0.13211595542452415,0.3357851207256317,7.790639154504278e-05
251,0.12038431607561506,0.5600237846374512,7.78057372924006e-05
252,0.15074792306040763,0.4366264045238495,7.770508303975843e-05
253,0.2562749177527621,0.7113513350486755,7.760442878711626e-05
254,0.3769389217686694,1.0253524780273438,7.750377453447408e-05
255,0.05163949397865508,0.3774240016937256,7.74031202818319e-05
256,0.15039855402665125,0.43357357382774353,7.730246602918974e-05
257,0.17410612219737231,0.390857994556427,7.720181177654756e-05
258,0.3876408443211403,1.5142115354537964,7.710115752390538e-05
259,0.2690115535708628,0.4520063102245331,7.700050327126322e-05
260,0.1961733787520643,0.42473483085632324,7.689984901862104e-05
261,0.1478691595584678,0.42027121782302856,7.679919476597887e-05
262,0.1004855342234805,0.6539199948310852,7.669854051333669e-05
263,0.33424923488382774,0.8340192437171936,7.659788626069452e-05
264,0.10232253848403161,0.40001821517944336,7.649723200805235e-05
265,0.1203752817818895,0.5719475150108337,7.639657775541017e-05
266,0.12538672427353958,0.45838090777397156,7.629592350276799e-05
267,0.4173063523330711,0.9038049578666687,7.619526925012583e-05
268,0.1681515340628721,0.5498031973838806,7.609461499748365e-05
269,0.046830841471091844,0.3199598789215088,7.599396074484147e-05
270,0.27649792031115794,1.0643690824508667,7.58933064921993e-05
271,0.14375680662305967,0.5357819199562073,7.579265223955713e-05
272,0.12228918997902838,0.7546101808547974,7.569199798691495e-05
273,0.42109633989048234,0.9209414124488831,7.559134373427278e-05
274,0.056748462933001065,0.43932104110717773,7.54906894816306e-05
275,0.10858038601895714,0.5657110214233398,7.539003522898844e-05
276,0.03655626029490122,0.23507541418075562,7.528938097634626e-05
277,0.02392675751173101,0.18444372713565826,7.518872672370408e-05
278,0.18981086906023847,0.9842432737350464,7.50880724710619e-05
279,0.026868914431389612,0.25053316354751587,7.498741821841974e-05
280,0.3430669198146461,1.201716661453247,7.488676396577756e-05
281,0.04587880006269529,0.4776698648929596,7.478610971313539e-05
282,0.03144411639442524,0.2219669669866562,7.468545546049321e-05
283,0.5273007296537457,1.2483056783676147,7.458480120785104e-05
284,0.08744383045552695,0.5113101005554199,7.448414695520887e-05
285,0.10590604169510698,0.7769902348518372,7.438349270256668e-05
286,0.28171766873227,1.046746015548706,7.428283844992451e-05
287,0.04452877830951252,0.2631223797798157,7.418218419728233e-05
288,0.41118465744148125,1.082890272140503,7.408152994464016e-05
289,0.13775592077945475,0.48931020498275757,7.398087569199798e-05
290,0.04315620758808336,0.35948169231414795,7.388022143935582e-05
291,0.22214365540065728,1.391526699066162,7.377956718671364e-05
292,0.3080467684339965,0.7380158305168152,7.367891293407146e-05
293,0.03318877616746363,0.3280187249183655,7.35782586814293e-05
294,0.22808809248772377,0.7837702035903931,7.347760442878712e-05
295,0.37670503388292786,0.9896107316017151,7.337695017614494e-05
296,0.2099447581676941,0.7761676907539368,7.327629592350276e-05
297,0.3645264681794629,0.9623593688011169,7.31756416708606e-05
298,0.24253048884020245,1.0399260520935059,7.307498741821842e-05
299,0.03429691015020353,0.25337234139442444,7.297433316557625e-05
300,0.4348077068088969,1.191179871559143,7.287367891293407e-05
301,0.18393676318999042,0.6256135106086731,7.27730246602919e-05
302,0.15054536220850423,0.5043420791625977,7.267237040764973e-05
303,0.08857637681603592,0.6988894939422607,7.257171615500755e-05
304,0.2146124990192675,1.0410796403884888,7.247106190236537e-05
305,0.0925171433267451,0.7074259519577026,7.237040764972321e-05
306,0.3366186116871859,1.2431728839874268,7.226975339708103e-05
307,0.3613723065582235,1.3714933395385742,7.216909914443885e-05
308,0.3533528701427713,0.8369951248168945,7.206844489179668e-05
309,0.016795655593796255,0.1778862178325653,7.196779063915451e-05
310,0.14418516819750948,0.5304982662200928,7.186713638651234e-05
311,0.18772647199330095,0.5160988569259644,7.176648213387016e-05
312,0.21477199148853288,0.9226018190383911,7.166582788122798e-05
313,0.46608889984236157,1.3340213298797607,7.156517362858582e-05
314,0.24667567477297325,1.2928951978683472,7.146451937594364e-05
315,0.13916242945879276,0.828243613243103,7.136386512330146e-05
316,0.2594573864466838,0.9414551258087158,7.12632108706593e-05
317,0.07272843114196803,0.5129006505012512,7.116255661801712e-05
318,0.12510755228458947,0.9285197854042053,7.106190236537494e-05
319,0.0627621141943564,0.45021334290504456,7.096124811273277e-05
320,0.024153157823320726,0.1964513063430786,7.08605938600906e-05
321,0.29623020571784764,0.9860466718673706,7.075993960744842e-05
322,0.2882648896702449,0.7148869633674622,7.065928535480625e-05
323,0.3055361423062095,0.6586624979972839,7.055863110216407e-05
324,0.05501161005096833,0.45481690764427185,7.04579768495219e-05
325,0.260770196504609,0.6249100565910339,7.035732259687973e-05
326,0.27136012887058314,0.705671489238739,7.025666834423755e-05
327,0.2570755979960495,0.5802939534187317,7.015601409159537e-05
328,0.5698862165108949,1.4268227815628052,7.00553598389532e-05
329,0.3350811092550998,1.0669149160385132,6.995470558631102e-05
330,0.16233673527676729,0.550672173500061,6.985405133366884e-05
331,0.1395214860399392,0.5579641461372375,6.975339708102668e-05
332,0.34869359650838305,0.9619985818862915,6.96527428283845e-05
333,0.3432444262739409,0.7844613790512085,6.955208857574232e-05
334,0.11006233703483304,0.3502237796783447,6.945143432310015e-05
335,0.14523687311884714,0.4476674199104309,6.935078007045798e-05
336,0.12494926373801718,0.4312358498573303,6.92501258178158e-05
337,0.22526122331237275,0.4598962664604187,6.914947156517363e-05
338,0.13722547747966019,0.7254112958908081,6.904881731253145e-05
339,0.12578888305733926,0.8092399835586548,6.894816305988929e-05
340,0.248178518543682,0.6117700338363647,6.884750880724711e-05
341,0.12851491470064502,0.6165128350257874,6.874685455460493e-05
342,0.13153325272833172,0.8406053781509399,6.864620030196275e-05
343,0.23548136771205463,0.9615253210067749,6.854554604932059e-05
344,0.1556454586716427,0.4398067891597748,6.844489179667841e-05
345,0.11305524699491798,0.5828971862792969,6.834423754403623e-05
346,0.12272687639779178,0.6790075898170471,6.824358329139407e-05
347,0.18308146008439508,0.5129122734069824,6.81429290387519e-05
348,0.15556975195431733,0.7119722366333008,6.804227478610972e-05
349,0.28672807260227273,0.7069750428199768,6.794162053346754e-05
350,0.08816946571459994,0.42576515674591064,6.784096628082537e-05
351,0.6413136493429192,2.3246498107910156,6.77403120281832e-05
352,0.8108262552977976,1.3974310159683228,6.763965777554102e-05
353,0.13235968557046363,0.4893041253089905,6.753900352289884e-05
354,0.4783129759875919,1.3844817876815796,6.743834927025668e-05
355,0.04738991742306098,0.2861157953739166,6.73376950176145e-05
356,0.18053817810039163,0.3711925745010376,6.723704076497232e-05
357,0.20583323384778396,0.8973893523216248,6.713638651233015e-05
358,0.10220969458441687,0.4660133123397827,6.703573225968798e-05
359,0.038423433310981636,0.25360602140426636,6.69350780070458e-05
360,0.07068143461128784,0.27029067277908325,6.683442375440363e-05
361,0.10663238073811954,0.6640474200248718,6.673376950176145e-05
362,0.48304872843436897,0.9756016135215759,6.663311524911929e-05
363,0.12912229124435726,0.5850546360015869,6.653246099647711e-05
364,0.2719229221925161,0.7275837063789368,6.643180674383493e-05
365,0.18919106079192716,0.560115396976471,6.633115249119275e-05
366,0.20287273226313118,0.735331118106842,6.623049823855059e-05
367,0.1298320802525268,0.7109771966934204,6.612984398590841e-05
368,0.20440815879010188,0.5416498780250549,6.602918973326624e-05
369,0.0475534380047975,0.3099932074546814,6.592853548062406e-05
370,0.15407547136055655,0.4119649827480316,6.582788122798188e-05
371,0.04735333273310971,0.2519640028476715,6.57272269753397e-05
372,0.063117525970938,0.29308828711509705,6.562657272269753e-05
373,0.2572896505141671,0.6177685856819153,6.552591847005536e-05
374,0.35773618117491424,1.1247994899749756,6.542526421741318e-05
375,0.3078235545503958,0.8393510580062866,6.532460996477101e-05
376,0.09295784654136696,0.34780025482177734,6.522395571212884e-05
377,0.2416621454522101,0.48847687244415283,6.512330145948667e-05
378,0.1771725451119437,0.5148400664329529,6.502264720684449e-05
379,0.16053986939391507,0.33268484473228455,6.492199295420231e-05
380,0.2934585375219285,0.6453147530555725,6.482133870156015e-05
381,0.15471911927534165,0.7780407667160034,6.472068444891797e-05
382,0.1499605606404657,0.6465151309967041,6.462003019627579e-05
383,0.2102012736722827,0.8712528944015503,6.451937594363362e-05
384,0.2522648421190752,0.46602949500083923,6.441872169099145e-05
385,0.2348881762588917,0.6116572618484497,6.431806743834927e-05
386,0.07246456586653949,0.2864944338798523,6.42174131857071e-05
387,0.17037959830895488,0.594395637512207,6.411675893306492e-05
388,0.1002248770209917,0.5579386353492737,6.401610468042276e-05
389,0.2164476636303334,0.6448810696601868,6.391545042778058e-05
390,0.1259250810745698,0.7254014015197754,6.38147961751384e-05
391,0.025855371846773778,0.2032421976327896,6.371414192249622e-05
392,0.19163985218619928,0.3846641480922699,6.361348766985406e-05
393,0.19579046916646803,0.5321488380432129,6.351283341721188e-05
394,0.05212215923450003,0.18786300718784332,6.34121791645697e-05
395,0.21625417604809627,0.6295023560523987,6.331152491192753e-05
396,0.13522062385254685,0.32100772857666016,6.321087065928536e-05
397,0.5369456085500133,0.9736602902412415,6.311021640664319e-05
398,0.2800077837455319,0.9238500595092773,6.300956215400101e-05
399,0.1429254771722981,0.5320900082588196,6.290890790135884e-05
400,0.2758021360323255,0.5163953900337219,6.280825364871667e-05
401,0.37543183519255763,1.2532001733779907,6.270759939607449e-05
402,0.16745490211724245,0.4974723160266876,6.260694514343231e-05
403,0.2225902212121582,0.5124812126159668,6.250629089079015e-05
404,0.39687430574849714,0.8259369134902954,6.240563663814797e-05
405,0.047355512852846005,0.3493041396141052,6.23049823855058e-05
406,0.08203064413351058,0.5334462523460388,6.220432813286362e-05
407,0.08328631425308686,0.4966265857219696,6.210367388022145e-05
408,0.05064265308226368,0.317151814699173,6.200301962757927e-05
409,0.25226746640373676,0.4632885754108429,6.19023653749371e-05
410,0.2901373528906106,2.218743085861206,6.180171112229492e-05
411,0.27651091375514625,0.6547431349754333,6.170105686965274e-05
412,0.25285920784517657,0.6233612298965454,6.160040261701057e-05
413,0.35782656364881404,0.7180747389793396,6.149974836436839e-05
414,0.13088221412601797,0.38271692395210266,6.139909411172622e-05
415,0.18566736987941113,0.8122518062591553,6.129843985908405e-05
416,0.07685574916109772,0.5117527842521667,6.119778560644187e-05
417,0.6413477358673845,1.391249418258667,6.109713135379969e-05
418,0.19812713007905813,0.651576578617096,6.099647710115752e-05
419,0.1729565488813023,0.6247243285179138,6.089582284851535e-05
420,0.024734446823970302,0.1744205802679062,6.079516859587317e-05
421,0.04263814336241012,0.30060312151908875,6.0694514343231e-05
422,0.1667942811048988,0.7430948615074158,6.0593860090588825e-05
423,0.26559561023464084,0.5297607779502869,6.0493205837946655e-05
424,0.24493878711427897,0.54015052318573,6.039255158530448e-05
425,0.1362178705385304,0.35361501574516296,6.0291897332662307e-05
426,0.061089802714377583,0.3980996310710907,6.019124308002013e-05
427,0.1838656089786923,0.6110174655914307,6.009058882737796e-05
428,0.14405595495009038,0.4281109869480133,5.998993457473578e-05
429,0.05383109012581144,0.38718149065971375,5.988928032209361e-05
430,0.08650454776218908,0.5669209361076355,5.978862606945144e-05
431,0.35250584630421145,0.7983705401420593,5.968797181680926e-05
432,0.07128233722136201,0.5300648212432861,5.958731756416709e-05
433,0.2570312513580859,0.8023761510848999,5.9486663311524914e-05
434,0.16636088554962214,0.44863957166671753,5.9386009058882744e-05
435,0.2741375513056994,1.3035222291946411,5.9285354806240566e-05
436,0.19348313184575971,0.5476266741752625,5.9184700553598396e-05
437,0.04690386761583909,0.3593326508998871,5.908404630095622e-05
438,0.24530125567378036,0.5285840034484863,5.898339204831405e-05
439,0.09765497179208182,0.3757280111312866,5.888273779567187e-05
440,0.22672758467878396,0.5365385413169861,5.87820835430297e-05
441,0.0917470547133945,0.4017942547798157,5.868142929038752e-05
442,0.4829813716630156,1.54669988155365,5.858077503774535e-05
443,0.45107323322480397,1.0857857465744019,5.8480120785103174e-05
444,0.1962744580493876,0.5107566118240356,5.8379466532461004e-05
445,0.3691448129716548,0.8238522410392761,5.8278812279818826e-05
446,0.3734210457166398,2.389864921569824,5.8178158027176656e-05
447,0.39228206141513056,1.1331888437271118,5.807750377453448e-05
448,0.24964539359754667,0.6445222496986389,5.797684952189231e-05
449,0.17466648280804975,0.7996532320976257,5.787619526925013e-05
450,0.12706554518351965,0.47822391986846924,5.777554101660796e-05
451,0.08550401951106323,0.3911914825439453,5.767488676396578e-05
452,0.13926586128053486,0.4490950107574463,5.757423251132361e-05
453,0.08783616578986653,0.5145029425621033,5.747357825868144e-05
454,0.29487569184129825,0.8440045714378357,5.737292400603925e-05
455,0.1982986353823435,0.5517493486404419,5.727226975339708e-05
456,0.3241475419663402,0.907986581325531,5.71716155007549e-05
457,0.4023257158405613,1.1065466403961182,5.707096124811273e-05
458,0.14137281127031542,0.44319313764572144,5.6970306995470554e-05
459,0.10985138700243624,0.3531782627105713,5.686965274282838e-05
460,0.1711489795545731,0.8403584361076355,5.676899849018621e-05
461,0.11203883459711506,0.8350463509559631,5.6668344237544035e-05
462,0.07286731390172463,0.4370599389076233,5.6567689984901865e-05
463,0.2579139094648326,0.6994475722312927,5.646703573225969e-05
464,0.10697670305171414,0.5647915601730347,5.6366381479617517e-05
465,0.07843776590812013,0.45331594347953796,5.626572722697534e-05
466,0.25317968276795,0.6723737120628357,5.616507297433317e-05
467,0.10625939494229897,0.4659418761730194,5.606441872169099e-05
468,0.07988738198764622,0.5447816252708435,5.596376446904882e-05
469,0.0977589789429203,0.6059167385101318,5.586311021640664e-05
470,0.19780315486946165,0.7735211253166199,5.576245596376447e-05
471,0.30776468187571027,0.8583263754844666,5.5661801711122295e-05
472,0.12199366991444549,0.33113232254981995,5.5561147458480124e-05
473,0.13568130491921693,0.6222696304321289,5.546049320583795e-05
474,0.028906240794640325,0.1999964565038681,5.5359838953195776e-05
475,0.033408340591108754,0.2502093017101288,5.52591847005536e-05
476,0.3347351924182931,0.8066137433052063,5.515853044791143e-05
477,0.034183103554710215,0.27482128143310547,5.505787619526925e-05
478,0.16939163326640028,0.547572910785675,5.495722194262708e-05
479,0.16189569715868402,0.7670525312423706,5.48565676899849e-05
480,0.23964376255878506,1.015462875366211,5.475591343734273e-05
481,0.02127142651647773,0.1520565003156662,5.4655259184700555e-05
482,0.3364921772043772,1.1510387659072876,5.4554604932058384e-05
483,0.06916818794593382,0.49159783124923706,5.445395067941621e-05
484,0.2125581985871463,0.7277876734733582,5.4353296426774036e-05
485,0.01763850494990038,0.14658978581428528,5.4252642174131866e-05
486,0.22836508437649172,0.61907559633255,5.415198792148969e-05
487,0.014466899093122265,0.11270148307085037,5.405133366884752e-05
488,0.29932946643430114,0.7869032621383667,5.395067941620534e-05
489,0.03643991791358303,0.23830820620059967,5.385002516356317e-05
490,0.07902897888925509,0.5784288644790649,5.374937091092099e-05
491,0.21197240479150992,0.7133649587631226,5.364871665827882e-05
492,0.24462450794362667,0.8372961282730103,5.3548062405636644e-05
493,0.0956865083164189,0.5134627223014832,5.3447408152994473e-05
494,0.027801743786426414,0.19087275862693787,5.3346753900352296e-05
495,0.2970112115407346,0.6461842060089111,5.3246099647710125e-05
496,0.3174982636120376,0.8655939698219299,5.314544539506794e-05
497,0.21119846608681314,0.8460553884506226,5.3044791142425764e-05
498,0.10746465889678802,0.5122879147529602,5.294413688978359e-05
499,0.18670036904126164,0.47430771589279175,5.2843482637141416e-05
500,0.12100775548594811,0.5682239532470703,5.2742828384499245e-05
501,0.14910913046486485,0.4838198125362396,5.264217413185707e-05
502,0.2234891586492722,0.7189669013023376,5.25415198792149e-05
503,0.04210656673876656,0.311115026473999,5.244086562657272e-05
504,0.10443844083238218,0.3701741397380829,5.234021137393055e-05
505,0.034322219692739964,0.2561648190021515,5.223955712128837e-05
506,0.20818151731864987,0.6456289291381836,5.21389028686462e-05
507,0.20792907177531106,0.4795091450214386,5.2038248616004024e-05
508,0.01710391042286119,0.13139857351779938,5.193759436336185e-05
509,0.31446582556223746,0.7549580335617065,5.1836940110719676e-05
510,0.20678074203291885,0.45286327600479126,5.1736285858077505e-05
511,0.40746123180599625,1.2628453969955444,5.163563160543533e-05
512,0.1013862667081753,0.35377413034439087,5.153497735279316e-05
513,0.06030318458640238,0.532362699508667,5.143432310015098e-05
514,0.34898263300351573,0.7639597654342651,5.133366884750881e-05
515,0.2715273521753261,0.6278913617134094,5.123301459486664e-05
516,0.339395636379777,1.0032010078430176,5.113236034222446e-05
517,0.2610444212623406,0.7365642189979553,5.103170608958229e-05
518,0.2820280261789776,0.6703360080718994,5.093105183694011e-05
519,0.16768485179136405,0.47701090574264526,5.083039758429794e-05
520,0.14848798990692558,0.40142926573753357,5.0729743331655765e-05
521,0.4473095562935896,1.2837944030761719,5.0629089079013594e-05
522,0.05767847477585519,0.4190174341201782,5.052843482637142e-05
523,0.2541932065659296,0.7000883221626282,5.0427780573729246e-05
524,0.19458225951711938,0.47860756516456604,5.032712632108707e-05
525,0.08019973852299245,0.5474949479103088,5.02264720684449e-05
526,0.07320734095014814,0.4319627583026886,5.012581781580272e-05
527,0.10387898385079097,0.4296472668647766,5.002516356316055e-05
528,0.04956516018091861,0.33303070068359375,4.9924509310518366e-05
529,0.43799956652856054,0.9631871581077576,4.9823855057876195e-05
530,0.08181515410365137,0.2738840878009796,4.9723200805234025e-05
531,0.16956207403927692,0.43210113048553467,4.962254655259185e-05
532,0.048933864966329566,0.3308723568916321,4.952189229994968e-05
533,0.042554807987130516,0.2905591130256653,4.94212380473075e-05
534,0.2718588849872958,1.0442763566970825,4.932058379466533e-05
535,0.12363798747878718,0.7618017196655273,4.921992954202315e-05
536,0.12064872307087171,0.5082567930221558,4.911927528938098e-05
537,0.09868074416590389,0.34143805503845215,4.90186210367388e-05
538,0.010720344141361693,0.08888481557369232,4.891796678409663e-05
539,0.048353963502449915,0.3444099724292755,4.8817312531454455e-05
540,0.07107063652529177,0.5388888120651245,4.8716658278812285e-05
541,0.09390419104465764,0.33749377727508545,4.861600402617011e-05
542,0.12487711492406106,0.4940348267555237,4.8515349773527937e-05
543,0.37825180497492283,0.9666833877563477,4.841469552088576e-05
544,0.18856492467375574,0.5997673869132996,4.831404126824359e-05
545,0.04866588511504233,0.35053741931915283,4.821338701560141e-05
546,0.3036047426694495,0.7730186581611633,4.811273276295924e-05
547,0.359336164978572,0.8382878303527832,4.801207851031706e-05
548,0.21977044063999074,0.5917033553123474,4.791142425767489e-05
549,0.3123609242763905,0.9209280014038086,4.7810770005032715e-05
550,0.227236640317642,1.1600722074508667,4.771011575239054e-05
551,0.2787975401217295,0.8328559398651123,4.760946149974837e-05
552,0.24995385774218448,0.6676218509674072,4.750880724710619e-05
553,0.15086215930023172,0.4386807978153229,4.740815299446402e-05
554,0.16730064426508306,0.5886855721473694,4.730749874182184e-05
555,0.561749966722914,1.0889816284179688,4.720684448917967e-05
556,0.05397326127024371,0.3633323609828949,4.7106190236537494e-05
557,0.16017660275019807,0.4389312267303467,4.700553598389532e-05
558,0.14049281276220427,0.4461411237716675,4.6904881731253145e-05
559,0.15310067218342738,0.8678810596466064,4.6804227478610975e-05
560,0.18620572022882698,0.5165371298789978,4.67035732259688e-05
561,0.16575726282431447,0.5477773547172546,4.660291897332663e-05
562,0.13386579409279875,0.3959473967552185,4.650226472068445e-05
563,0.15799541539672646,0.5180246829986572,4.640161046804228e-05
564,0.07283476845964287,0.4645847678184509,4.63009562154001e-05
565,0.044385850373203084,0.20521585643291473,4.620030196275793e-05
566,0.27558831340081724,0.9059143662452698,4.609964771011575e-05
567,0.07096996791038634,0.3104645609855652,4.599899345747358e-05
568,0.36064185293071205,1.2088260650634766,4.5898339204831405e-05
569,0.1886004442203557,0.49480903148651123,4.5797684952189235e-05
570,0.027336704133688272,0.22546935081481934,4.569703069954706e-05
571,0.0765838309637843,0.499357670545578,4.559637644690488e-05
572,0.3099555157090492,1.6468604803085327,4.549572219426271e-05
573,0.07539019527757773,0.37075361609458923,4.539506794162053e-05
574,0.15502622022427204,0.4751753807067871,4.529441368897836e-05
575,0.37944616091159844,1.7995296716690063,4.5193759436336184e-05
576,0.1366324488784585,0.4345424771308899,4.509310518369401e-05
577,0.09157398758142676,0.6942535042762756,4.4992450931051836e-05
578,0.24423049575887035,0.975111186504364,4.4891796678409665e-05
579,0.06797935245560893,0.3121153712272644,4.479114242576749e-05
580,0.1975195124638276,0.5769060254096985,4.469048817312532e-05
581,0.02827207311224811,0.24013438820838928,4.458983392048314e-05
582,0.050434174616938776,0.3614252805709839,4.448917966784097e-05
583,0.09794010736464998,0.42772409319877625,4.438852541519879e-05
584,0.05575713819939665,0.3931114375591278,4.428787116255662e-05
585,0.2352007461197161,0.5624150633811951,4.418721690991445e-05
586,0.19164700705239568,0.9022497534751892,4.408656265727227e-05
587,0.11069551281946133,0.46322324872016907,4.39859084046301e-05
588,0.045592884739164674,0.3214297890663147,4.3885254151987925e-05
589,0.29201452704000985,1.121500849723816,4.3784599899345754e-05
590,0.1981508544116508,0.6907848715782166,4.368394564670358e-05
591,0.19970718122097253,0.6133288145065308,4.35832913940614e-05
592,0.11517756587821282,0.48836952447891235,4.348263714141922e-05
593,0.4521785471880264,1.0874371528625488,4.338198288877705e-05
594,0.12359765060443806,0.769168496131897,4.3281328636134874e-05
595,0.02424416914695371,0.19933117926120758,4.3180674383492704e-05
596,0.08183094313976369,0.5787035822868347,4.3080020130850526e-05
597,0.07315409987859312,0.32744938135147095,4.2979365878208355e-05
598,0.14213256015480624,0.5029872059822083,4.287871162556618e-05
599,0.23756395762652005,0.8026190996170044,4.277805737292401e-05
600,0.06493863379665754,0.5046641230583191,4.267740312028184e-05
601,0.1734165258799294,0.7026448845863342,4.257674886763966e-05
602,0.08626466136988142,0.6281107068061829,4.247609461499749e-05
603,0.09452129218595218,0.6400710940361023,4.237544036235531e-05
604,0.285397462571936,1.0785773992538452,4.227478610971314e-05
605,0.07164706026331658,0.3005749583244324,4.217413185707096e-05
606,0.36961006187256373,1.3768590688705444,4.207347760442879e-05
607,0.25953380250126656,0.7786850333213806,4.1972823351786615e-05
608,0.10002584632738376,0.5176507234573364,4.1872169099144445e-05
609,0.3629110148757846,1.1149228811264038,4.177151484650227e-05
610,0.2549342064648954,1.056688904762268,4.16708605938601e-05
611,0.03961465048541868,0.24602514505386353,4.157020634121792e-05
612,0.5283444263819632,1.8228250741958618,4.146955208857574e-05
613,0.20025938139479393,0.668656587600708,4.1368897835933564e-05
614,0.02140039067825228,0.23179970681667328,4.1268243583291394e-05
615,0.050987312114123995,0.2823077142238617,4.116758933064922e-05
616,0.26462253698821314,0.8414879441261292,4.1066935078007046e-05
617,0.03957222048342146,0.36569103598594666,4.0966280825364875e-05
618,0.03453168956752961,0.5294129252433777,4.08656265727227e-05
619,0.06396294460944318,0.2786964774131775,4.076497232008053e-05
620,0.31844090135928127,1.0586796998977661,4.066431806743835e-05
621,0.05574596054040626,0.36821499466896057,4.056366381479618e-05
622,0.27114444625487266,0.7403008937835693,4.0463009562154e-05
623,0.26381689116566065,0.8616735339164734,4.036235530951183e-05
624,0.2835639457600223,1.086642861366272,4.0261701056869654e-05
625,0.17460709427564325,0.5435700416564941,4.016104680422748e-05
626,0.19229688652603727,1.0872684717178345,4.0060392551585306e-05
627,0.16765315913190904,0.6422507762908936,3.9959738298943135e-05
628,0.2682261016899474,1.1828895807266235,3.985908404630096e-05
629,0.12032404155968379,0.623443067073822,3.975842979365879e-05
630,0.12157382197318611,0.4815736711025238,3.965777554101661e-05
631,0.09803193089558704,0.5024431943893433,3.955712128837444e-05
632,0.5524811185022145,1.2936264276504517,3.945646703573226e-05
633,0.05572138540271965,0.4726995527744293,3.9355812783090084e-05
634,0.1492112671112409,0.6382202506065369,3.9255158530447914e-05
635,0.06251112772348222,0.41213470697402954,3.9154504277805736e-05
636,0.3708382962917085,0.9744685888290405,3.9053850025163565e-05
637,0.3388451392094112,1.374078392982483,3.895319577252139e-05
638,0.2941584607722234,0.9493219256401062,3.885254151987922e-05
639,0.40553424323663023,1.1259851455688477,3.875188726723704e-05
640,0.36049787849879067,1.1137783527374268,3.865123301459487e-05
641,0.07967969891046778,0.4183744788169861,3.855057876195269e-05
642,0.43448472970051455,1.360838770866394,3.844992450931052e-05
643,0.16527420580172247,1.0529577732086182,3.8349270256668344e-05
644,0.3166491342294009,1.0562249422073364,3.824861600402617e-05
645,0.41027556896955275,1.1795982122421265,3.8147961751383996e-05
646,0.16064562453232156,0.920066237449646,3.8047307498741825e-05
647,0.1439964376181848,1.0006266832351685,3.794665324609965e-05
648,0.36034060900863096,1.7218208312988281,3.784599899345748e-05
649,0.3770333127301342,1.271610975265503,3.77453447408153e-05
650,0.25339484709314775,0.7010623216629028,3.764469048817313e-05
651,0.2964372546221057,0.7840880155563354,3.754403623553095e-05
652,0.2852758343961881,0.9068271517753601,3.744338198288878e-05
653,0.14949372950491124,0.6575817465782166,3.7342727730246604e-05
654,0.11751841818704634,0.6392121315002441,3.724207347760443e-05
655,0.2934790969268306,0.9051752090454102,3.7141419224962256e-05
656,0.4037298908554021,0.8110198974609375,3.704076497232008e-05
657,0.10439130328722968,0.3438493311405182,3.694011071967791e-05
658,0.20926006551042065,0.8462347388267517,3.683945646703573e-05
659,0.2599301144587116,1.2392522096633911,3.673880221439356e-05
660,0.0753077946292251,0.5477601885795593,3.663814796175138e-05
661,0.09287559484255326,0.6231378316879272,3.653749370910921e-05
662,0.05570395807865225,0.43688613176345825,3.6436839456467034e-05
663,0.07217995655648224,0.49866968393325806,3.6336185203824864e-05
664,0.1101452310994091,0.7205666303634644,3.6235530951182686e-05
665,0.033353282431676234,0.2944476306438446,3.6134876698540516e-05
666,0.09889720949638559,0.40587979555130005,3.603422244589834e-05
667,0.11081673469604425,0.7617226839065552,3.593356819325617e-05
668,0.07404709507079588,0.6064093112945557,3.583291394061399e-05
669,0.04035061231303416,0.35483336448669434,3.573225968797182e-05
670,0.14445820943424792,0.4686562120914459,3.563160543532965e-05
671,0.20548873368909426,0.8827038407325745,3.553095118268747e-05
672,0.09896851574103493,0.7224895358085632,3.54302969300453e-05
673,0.15278034535811003,0.912958025932312,3.5329642677403124e-05
674,0.35656597710706706,1.280603289604187,3.522898842476095e-05
675,0.03213756398861278,0.3075926601886749,3.5128334172118775e-05
676,0.1933876074890577,0.7510426044464111,3.50276799194766e-05
677,0.029844535006958495,0.2631118595600128,3.492702566683442e-05
678,0.11040717787932408,0.4328334331512451,3.482637141419225e-05
679,0.14011491247583763,0.6456224322319031,3.472571716155007e-05
680,0.06418646817082418,0.2829912602901459,3.46250629089079e-05
681,0.025064434489877385,0.2112874686717987,3.4524408656265725e-05
682,0.030304944516984733,0.26747506856918335,3.4423754403623554e-05
683,0.2744577209266481,1.0016690492630005,3.4323100150981377e-05
684,0.8325865056781652,2.259860038757324,3.4222445898339206e-05
685,0.15280054849432645,0.7455248236656189,3.4121791645697035e-05
686,0.1210745388487453,0.5020390152931213,3.402113739305486e-05
687,0.02128450922555203,0.18447835743427277,3.392048314041269e-05
688,0.3878370821995816,1.2920336723327637,3.381982888777051e-05
689,0.10648005045409548,0.6548722386360168,3.371917463512834e-05
690,0.027949827418787265,0.3110576868057251,3.361852038248616e-05
691,0.017601197211902786,0.16228324174880981,3.351786612984399e-05
692,0.1287714613190758,0.8442221283912659,3.3417211877201814e-05
693,0.9920177775992443,2.3773465156555176,3.331655762455964e-05
694,0.6031233654788011,1.6445783376693726,3.3215903371917466e-05
695,0.4597082659129228,1.1779212951660156,3.3115249119275295e-05
696,0.18953879902892368,0.6378195881843567,3.301459486663312e-05
697,0.06899988550549097,0.5938800573348999,3.291394061399094e-05
698,0.4726003473184761,1.1537920236587524,3.281328636134876e-05
699,0.2914569860836309,0.9168446063995361,3.271263210870659e-05
700,0.2469102474610736,0.8999227285385132,3.261197785606442e-05
701,0.43352787700678164,1.294075846672058,3.2511323603422244e-05
702,0.274607562748713,0.8803466558456421,3.2410669350780074e-05
703,0.17131429245171148,0.5726964473724365,3.2310015098137896e-05
704,0.5548018339081295,1.3555834293365479,3.2209360845495726e-05
705,0.1900717836106196,0.708021879196167,3.210870659285355e-05
706,0.15324592802448933,0.8406205177307129,3.200805234021138e-05
707,0.20383049432530242,0.6306024193763733,3.19073980875692e-05
708,0.20907634626945537,0.8476572632789612,3.180674383492703e-05
709,0.11690100080818411,0.6536582708358765,3.170608958228485e-05
710,0.12953684118292585,0.4375257194042206,3.160543532964268e-05
711,0.2220946278878273,0.7762673497200012,3.1504781077000504e-05
712,0.24961711031596678,0.6036048531532288,3.1404126824358334e-05
713,0.09572737376299756,0.4690823256969452,3.1303472571716156e-05
714,0.059858382974766755,0.42255914211273193,3.1202818319073985e-05
715,0.1449310520220024,0.6697744727134705,3.110216406643181e-05
716,0.15687645664206684,0.5009808540344238,3.100150981378964e-05
717,0.1920037157049137,0.5344249606132507,3.090085556114746e-05
718,0.10292610905636934,0.3858155906200409,3.080020130850528e-05
719,0.47179304796918586,1.223522663116455,3.069954705586311e-05
720,0.08893028012357718,0.3416871130466461,3.0598892803220935e-05
721,0.1075211322774976,0.6536597609519958,3.049823855057876e-05
722,0.22128325576346697,0.6868909001350403,3.0397584297936587e-05
723,0.025187952132455393,0.2535831332206726,3.0296930045294413e-05
724,0.1388582272338681,0.5625799894332886,3.019627579265224e-05
725,0.15417881738704864,0.5008416175842285,3.0095621540010065e-05
726,0.1255612705597855,0.48761793971061707,2.999496728736789e-05
727,0.2759467609444073,0.766587495803833,2.989431303472572e-05
728,0.10603870756744982,0.73702073097229,2.9793658782083546e-05
729,0.08655411689571224,0.41745525598526,2.9693004529441372e-05
730,0.07435114088775663,0.5260171294212341,2.9592350276799198e-05
731,0.12795407401699777,0.5590947270393372,2.9491696024157024e-05
732,0.087565419441205,0.4361291229724884,2.939104177151485e-05
733,0.09133491717565789,0.40378090739250183,2.9290387518872676e-05
734,0.21641782152255473,0.6966997981071472,2.9189733266230502e-05
735,0.16446973251299823,0.885293185710907,2.9089079013588328e-05
736,0.1401044542269574,0.6610376834869385,2.8988424760946154e-05
737,0.49729030899788995,2.1976096630096436,2.888777050830398e-05
738,0.04976103870967563,0.3864304721355438,2.8787116255661806e-05
739,0.07935454876465542,0.5306931138038635,2.8686462003019625e-05
740,0.11852803097875153,0.8898413777351379,2.858580775037745e-05
741,0.23834660245155703,0.6539281606674194,2.8485153497735277e-05
742,0.04349259145749329,0.33487311005592346,2.8384499245093106e-05
743,0.26932551079630684,0.6551317572593689,2.8283844992450932e-05
744,0.02680037702648974,0.18856410682201385,2.8183190739808758e-05
745,0.17841437383350467,0.6608505845069885,2.8082536487166584e-05
746,0.16810442897534017,0.5867146253585815,2.798188223452441e-05
747,0.07990788643667202,0.36526668071746826,2.7881227981882236e-05
748,0.11300903079114732,0.6338669657707214,2.7780573729240062e-05
749,0.1257316279038605,0.6304583549499512,2.7679919476597888e-05
750,0.12458043211722725,0.5749610066413879,2.7579265223955714e-05
751,0.06141698451133948,0.3087802231311798,2.747861097131354e-05
752,0.029138417848685094,0.2555937170982361,2.7377956718671366e-05
753,0.09515553392969878,0.6877179741859436,2.7277302466029192e-05
754,0.28313360505754304,1.6873937845230103,2.7176648213387018e-05
755,0.10516418778485104,0.5616840720176697,2.7075993960744844e-05
756,0.09083311717762399,0.4152750074863434,2.697533970810267e-05
757,0.16320635104057146,0.6291891932487488,2.6874685455460496e-05
758,0.20670025375602563,0.6514734029769897,2.6774031202818322e-05
759,0.1939754222790384,0.6368697285652161,2.6673376950176148e-05
760,0.20048779535679273,1.1264686584472656,2.657272269753397e-05
761,0.18621024612166792,0.6547136306762695,2.6472068444891797e-05
762,0.5161006915789983,1.918633222579956,2.6371414192249623e-05
763,0.36888584932127344,1.045423150062561,2.627075993960745e-05
764,0.023217861119093186,0.2569099962711334,2.6170105686965275e-05
765,0.20803742576543982,0.6996477842330933,2.60694514343231e-05
766,0.4628818042195917,1.3545457124710083,2.5968797181680927e-05
767,0.24421375567892767,1.1749236583709717,2.5868142929038753e-05
768,0.10828419785869414,0.5257560610771179,2.576748867639658e-05
769,0.2878681189076815,0.7607279419898987,2.5666834423754404e-05
770,0.3073583311828827,1.4470772743225098,2.556618017111223e-05
771,0.2850477303359753,0.7793650031089783,2.5465525918470056e-05
772,0.15092157803951523,0.4402402341365814,2.5364871665827882e-05
773,0.06224512465820453,0.4097032845020294,2.526421741318571e-05
774,0.2839615529684494,1.2567782402038574,2.5163563160543534e-05
775,0.09014494345493063,0.5703418850898743,2.506290890790136e-05
776,0.2884146045014404,1.08409583568573,2.4962254655259183e-05
777,0.45047756996223143,1.025172233581543,2.4861600402617012e-05
778,0.1921424875424833,0.5126342177391052,2.476094614997484e-05
779,0.2533138417918366,0.9479424953460693,2.4660291897332664e-05
780,0.4180646350966981,1.193471074104309,2.455963764469049e-05
781,0.21509514756365888,0.7150323987007141,2.4458983392048316e-05
782,0.391810913352856,0.9240182042121887,2.4358329139406142e-05
783,0.19735812923067897,1.1140085458755493,2.4257674886763968e-05
784,0.04811253465697973,0.26313185691833496,2.4157020634121794e-05
785,0.11267287310147367,0.6873297095298767,2.405636638147962e-05
786,0.06767033179346527,0.4426702558994293,2.3955712128837446e-05
787,0.23412366544968677,0.9732934236526489,2.385505787619527e-05
788,0.24181363004328205,0.6389856338500977,2.3754403623553095e-05
789,0.037235531390365395,0.2868077754974365,2.365374937091092e-05
790,0.1720073811329712,0.7952165603637695,2.3553095118268747e-05
791,0.09713739940343658,0.6665504574775696,2.3452440865626573e-05
792,0.12781238059939426,0.5889466404914856,2.33517866129844e-05
793,0.18433441941397177,0.8959234952926636,2.3251132360342225e-05
794,0.12670060350711765,0.5667825937271118,2.315047810770005e-05
795,0.06228741275299399,0.4825132191181183,2.3049823855057877e-05
796,0.2559690926045164,0.8632128834724426,2.2949169602415703e-05
797,0.08536503755216529,0.513509213924408,2.284851534977353e-05
798,0.19343423471582355,0.9494280219078064,2.2747861097131355e-05
799,0.10328576913013876,0.4829016625881195,2.264720684448918e-05
800,0.22737974945329142,0.7394618391990662,2.2546552591847007e-05
801,0.20592069247106792,0.7887420654296875,2.2445898339204833e-05
802,0.3024047699609014,0.7823088765144348,2.234524408656266e-05
803,0.15792937911908211,0.7057181596755981,2.2244589833920485e-05
804,0.26475923815345936,0.9055392146110535,2.214393558127831e-05
805,0.1135732282280344,0.4289344847202301,2.2043281328636137e-05
806,0.10382890193019989,0.5207073092460632,2.1942627075993963e-05
807,0.11056149283825789,0.4695896804332733,2.184197282335179e-05
808,0.13551107658580008,0.7230420708656311,2.174131857070961e-05
809,0.13634615851768217,0.4936404824256897,2.1640664318067437e-05
810,0.18271047573091437,0.6556561589241028,2.1540010065425263e-05
811,0.06769164031652508,0.4973333775997162,2.143935581278309e-05
812,0.21968812120556436,0.7534604668617249,2.133870156014092e-05
813,0.04911014399567648,0.3878808617591858,2.1238047307498744e-05
814,0.198815832023584,0.6795725226402283,2.113739305485657e-05
815,0.26575620247228926,0.8023253679275513,2.1036738802214396e-05
816,0.03653676671972761,0.2871279716491699,2.0936084549572222e-05
817,0.18451586470221315,0.6217694282531738,2.083543029693005e-05
818,0.25521421579620807,0.6857081055641174,2.073477604428787e-05
819,0.1324252436580764,0.5822126865386963,2.0634121791645697e-05
820,0.18701489508578106,0.7237502336502075,2.0533467539003523e-05
821,0.05610305112143266,0.5510295629501343,2.043281328636135e-05
822,0.07324295114712243,0.4160118103027344,2.0332159033719175e-05
823,0.08768550365886085,0.5989043116569519,2.0231504781077e-05
824,0.2524687118420843,0.7865012288093567,2.0130850528434827e-05
825,0.2939846661279546,1.042885184288025,2.0030196275792653e-05
826,0.03568715162754188,0.30798912048339844,1.992954202315048e-05
827,0.08524896105373614,0.3617572486400604,1.9828887770508305e-05
828,0.19517878199121697,0.7538242340087891,1.972823351786613e-05
829,0.30029702471779274,1.0409337282180786,1.9627579265223957e-05
830,0.22545887040895707,0.7069759964942932,1.9526925012581783e-05
831,0.29263153823431054,1.0309703350067139,1.942627075993961e-05
832,0.27161760979288374,0.8195978403091431,1.9325616507297435e-05
833,0.043155090554535036,0.35917899012565613,1.922496225465526e-05
834,0.19871802151894258,0.7047902941703796,1.9124308002013087e-05
835,0.17866348010512922,0.49727964401245117,1.9023653749370913e-05
836,0.08165267041562174,0.500144898891449,1.892299949672874e-05
837,0.08625952352633703,0.7329504489898682,1.8822345244086565e-05
838,0.38032309921629803,0.8180662989616394,1.872169099144439e-05
839,0.36041660473168236,1.167885661125183,1.8621036738802217e-05
840,0.24286632497509686,0.9326698780059814,1.852038248616004e-05
841,0.08300462891833149,0.4943586587905884,1.8419728233517865e-05
842,0.3236517911396106,2.620574951171875,1.831907398087569e-05
843,0.35960482392272297,0.8247112035751343,1.8218419728233517e-05
844,0.07869755133160794,0.6109440922737122,1.8117765475591343e-05
845,0.08724793843060752,0.5532293915748596,1.801711122294917e-05
846,0.05825790383819651,0.5217710733413696,1.7916456970306995e-05
847,0.1250846193626245,0.7257683873176575,1.7815802717664824e-05
848,0.25677080182299505,0.9347673654556274,1.771514846502265e-05
849,0.20260172900077578,0.8639811873435974,1.7614494212380476e-05
850,0.26678392860584665,0.7112122178077698,1.75138399597383e-05
851,0.2877940021409131,1.0598855018615723,1.7413185707096125e-05
852,0.2651367955810997,0.7463347911834717,1.731253145445395e-05
853,0.1006334072764048,0.41690850257873535,1.7211877201811777e-05
854,0.1813591295101702,0.7179101705551147,1.7111222949169603e-05
855,0.6569754390760068,1.2925529479980469,1.701056869652743e-05
856,0.2030328469696201,0.7958099246025085,1.6909914443885255e-05
857,0.06266435662061554,0.2957996428012848,1.680926019124308e-05
858,0.20600944699708634,0.596213161945343,1.6708605938600907e-05
859,0.3452713479355154,0.9695972204208374,1.6607951685958733e-05
860,0.19765190929595633,0.8478314876556396,1.650729743331656e-05
861,0.09183546287353295,0.5880396962165833,1.640664318067438e-05
862,0.15323395499692083,0.5849223732948303,1.630598892803221e-05
863,0.05444561325174391,0.5001558661460876,1.6205334675390037e-05
864,0.20762118856561074,0.6425660848617554,1.6104680422747863e-05
865,0.23197011910531273,0.9166104793548584,1.600402617010569e-05
866,0.2600060585913653,0.8098927140235901,1.5903371917463515e-05
867,0.3373905180603174,0.9565273523330688,1.580271766482134e-05
868,0.4601310773868903,0.8896397352218628,1.5702063412179167e-05
869,0.09684112841212311,0.40382856130599976,1.5601409159536993e-05
870,0.33163446986685585,0.8031505346298218,1.550075490689482e-05
871,0.07009773468767833,0.3488396108150482,1.540010065425264e-05
872,0.09511586900640623,0.6223984360694885,1.5299446401610467e-05
873,0.17096455811795863,1.084635615348816,1.5198792148968293e-05
874,0.2330027957494849,0.8133321404457092,1.509813789632612e-05
875,0.1544758503500816,0.5341429710388184,1.4997483643683945e-05
876,0.08983733681606054,0.9677870273590088,1.4896829391041773e-05
877,0.1839066576451387,0.7118257880210876,1.4796175138399599e-05
878,0.12463011505427346,0.41100943088531494,1.4695520885757425e-05
879,0.07139576792491198,0.5094838738441467,1.4594866633115251e-05
880,0.10716729554297899,0.46347054839134216,1.4494212380473077e-05
881,0.10129748328142796,0.5095718502998352,1.4393558127830903e-05
882,0.13639957164176053,0.41783368587493896,1.4292903875188725e-05
883,0.27851472611632744,0.8253819346427917,1.4192249622546553e-05
884,0.03366793378631883,0.26332876086235046,1.4091595369904379e-05
885,0.19193635121200714,1.0270119905471802,1.3990941117262205e-05
886,0.05362029662916257,0.2880202531814575,1.3890286864620031e-05
887,0.09265530531328636,0.6245532631874084,1.3789632611977857e-05
888,0.19041899950705954,0.5968440175056458,1.3688978359335683e-05
889,0.18823382227603247,0.807317316532135,1.3588324106693509e-05
890,0.3024085222853614,0.9322445392608643,1.3487669854051335e-05
891,0.12893505868427013,0.4248042702674866,1.3387015601409161e-05
892,0.12522398079192953,0.5529801249504089,1.3286361348766985e-05
893,0.05926041217753664,0.2988995909690857,1.3185707096124811e-05
894,0.349615930668552,1.3513476848602295,1.3085052843482637e-05
895,0.1846768159508656,0.7674870491027832,1.2984398590840463e-05
896,0.039524041274184185,0.30437299609184265,1.288374433819829e-05
897,0.1234973257414822,0.5376126766204834,1.2783090085556115e-05
898,0.08285520167049754,0.5782243013381958,1.2682435832913941e-05
899,0.16764064738519124,0.5365591645240784,1.2581781580271767e-05
900,0.10482925551701783,0.8337469696998596,1.2481127327629591e-05
901,0.19753544584230553,1.4755381345748901,1.238047307498742e-05
902,0.13921990701012987,0.853825569152832,1.2279818822345245e-05
903,0.18178208579207933,0.7588961720466614,1.2179164569703071e-05
904,0.3358713362773056,1.0649100542068481,1.2078510317060897e-05
905,0.06773902150129629,0.3801332116127014,1.1977856064418723e-05
906,0.1428540309220665,0.587943434715271,1.1877201811776547e-05
907,0.137844540313381,0.49855661392211914,1.1776547559134373e-05
908,0.07808964339484703,0.5202399492263794,1.16758933064922e-05
909,0.27744849729774756,0.8129798173904419,1.1575239053850025e-05
910,0.15070362998719133,0.5930925011634827,1.1474584801207851e-05
911,0.025473447182037035,0.23223662376403809,1.1373930548565677e-05
912,0.01948903273734004,0.15112414956092834,1.1273276295923503e-05
913,0.40185087659119745,1.0666731595993042,1.117262204328133e-05
914,0.1551294036542714,0.6021867394447327,1.1071967790639155e-05
915,0.19659788336129225,0.8906558156013489,1.0971313537996981e-05
916,0.3140529785068793,1.367100477218628,1.0870659285354806e-05
917,0.43128942505065737,1.2598477602005005,1.0770005032712632e-05
918,0.07999950826093993,0.4512663185596466,1.066935078007046e-05
919,0.058308171429672484,0.302520215511322,1.0568696527428285e-05
920,0.04813974451448644,0.35679662227630615,1.0468042274786111e-05
921,0.42664296306458027,1.5330787897109985,1.0367388022143935e-05
922,0.07785494441996832,0.6042298078536987,1.0266733769501761e-05
923,0.12219161459142924,0.48985376954078674,1.0166079516859587e-05
924,0.5729343407145393,1.762435793876648,1.0065425264217413e-05
925,0.11120289170253272,0.6089842319488525,9.96477101157524e-06
926,0.12816719561395473,0.5249665379524231,9.864116758933065e-06
927,0.08034437364069191,0.5396767258644104,9.763462506290891e-06
928,0.08117004944375594,0.4479561150074005,9.662808253648717e-06
929,0.12959426331878632,0.8081234693527222,9.562154001006543e-06
930,0.030404241534284893,0.32437968254089355,9.46149974836437e-06
931,0.09921932351645069,0.7251520156860352,9.360845495722195e-06
932,0.31766844570404373,1.4776813983917236,9.26019124308002e-06
933,0.45892374520325063,1.1235556602478027,9.159536990437846e-06
934,0.3984294842029925,0.9513607621192932,9.058882737795672e-06
935,0.1707176136073727,0.5353031754493713,8.958228485153498e-06
936,0.24036457113446374,0.7412481904029846,8.857574232511325e-06
937,0.16349044507313693,0.7194523811340332,8.75691997986915e-06
938,0.12296515358362825,0.5502957701683044,8.656265727226976e-06
939,0.17328351245238593,0.5522936582565308,8.555611474584801e-06
940,0.22096817480951358,0.923617422580719,8.454957221942627e-06
941,0.16213496972477515,0.5809248685836792,8.354302969300453e-06
942,0.24453440368731094,1.044762372970581,8.25364871665828e-06
943,0.2119422953898038,0.858454704284668,8.152994464016105e-06
944,0.2989187425674231,0.8529036045074463,8.052340211373931e-06
945,0.19733940214064205,0.6215255856513977,7.951685958731757e-06
946,0.03089860808026401,0.19238926470279694,7.851031706089583e-06
947,0.3052205040727358,0.8434547185897827,7.75037745344741e-06
948,0.31912496605445995,0.8341820240020752,7.649723200805234e-06
949,0.29441025833810386,1.0148718357086182,7.54906894816306e-06
950,0.0610608670103403,0.5770177245140076,7.4484146955208865e-06
951,0.0944544162314287,0.3565481901168823,7.3477604428787125e-06
952,0.04451204167213518,0.32445868849754333,7.2471061902365384e-06
953,0.048134331741771064,0.35738319158554077,7.146451937594363e-06
954,0.06313199037342088,0.49324217438697815,7.0457976849521896e-06
955,0.17750882148766323,0.7915039658546448,6.9451434323100155e-06
956,0.06818149539117258,0.5493695139884949,6.8444891796678415e-06
957,0.1520097799092639,0.6163087487220764,6.7438349270256675e-06
958,0.023348261461443087,0.21183520555496216,6.643180674383493e-06
959,0.3436049637508134,1.0086114406585693,6.542526421741319e-06
960,0.5287255766989603,1.1681926250457764,6.441872169099145e-06
961,0.07475168306427804,0.5370275974273682,6.341217916456971e-06
962,0.08124967890716306,0.5539886951446533,6.240563663814796e-06
963,0.09925608673921715,0.652452826499939,6.1399094111726226e-06
964,0.05640502733413655,0.5182051658630371,6.0392551585304486e-06
965,0.23049897495466354,0.6687478423118591,5.938600905888274e-06
966,0.3642527163320608,1.7626186609268188,5.8379466532461e-06
967,0.04366510398396173,0.34534963965415955,5.737292400603926e-06
968,0.06624600369545419,0.3718479871749878,5.636638147961752e-06
969,0.22528661171832098,1.0210561752319336,5.535983895319578e-06
970,0.45116426753315864,2.0433828830718994,5.435329642677403e-06
971,0.1353670868913781,0.6145094633102417,5.33467539003523e-06
972,0.2625395670779085,1.036747932434082,5.234021137393056e-06
973,0.05167026141346298,0.41866862773895264,5.133366884750881e-06
974,0.23894293437923153,0.9159606099128723,5.032712632108707e-06
975,0.08735650145362683,0.596480131149292,4.932058379466533e-06
976,0.10398658103950709,0.49571916460990906,4.831404126824359e-06
977,0.20726703635460808,1.0712602138519287,4.730749874182185e-06
978,0.14684906255554608,0.499211847782135,4.63009562154001e-06
979,0.18664063885306348,0.6255673170089722,4.529441368897836e-06
980,0.05264370345196312,0.28321996331214905,4.428787116255663e-06
981,0.1302204146596182,0.8116565346717834,4.328132863613488e-06
982,0.1325616511993104,0.5859283804893494,4.227478610971314e-06
983,0.08737667637684865,0.6312301754951477,4.12682435832914e-06
984,0.12635859029238183,0.7526678442955017,4.026170105686966e-06
985,0.160863841304689,0.9830849766731262,3.925515853044792e-06
986,0.12289644070456518,0.5620717406272888,3.824861600402617e-06
987,0.12408649461394816,0.4614745080471039,3.7242073477604432e-06
988,0.28386841655344597,0.9839363098144531,3.6235530951182692e-06
989,0.0701933339230294,0.38119879364967346,3.5228988424760948e-06
990,0.05960201500454332,0.40513163805007935,3.4222445898339208e-06
991,0.11951102715455875,0.7208610773086548,3.3215903371917463e-06
992,0.07442699265089914,0.5740476250648499,3.2209360845495723e-06
993,0.28711106906848727,1.1045149564743042,3.120281831907398e-06
994,0.22911643377571522,0.8959364295005798,3.0196275792652243e-06
995,0.1280861685372514,0.7731172442436218,2.91897332662305e-06
996,0.13651218602208814,0.5214394330978394,2.818319073980876e-06
997,0.2692068374338419,0.9565900564193726,2.7176648213387014e-06
998,0.28987967870469333,0.9661626219749451,2.617010568696528e-06
999,0.16316373230050374,0.5195363759994507,2.5163563160543534e-06
1000,0.24662120073909932,0.6363419890403748,2.4157020634121793e-06
1001,0.4888807736752767,1.0548402070999146,2.315047810770005e-06
1002,0.32538722151320876,1.3262499570846558,2.2143935581278313e-06
1003,0.20843981211135088,0.7001894116401672,2.113739305485657e-06
1004,0.5338318751498647,1.4134562015533447,2.013085052843483e-06
1005,0.28357582832097705,0.8502572774887085,1.9124308002013084e-06
1006,0.11378807655600554,0.4831801950931549,1.8117765475591346e-06
1007,0.2015945972486861,0.7072586417198181,1.7111222949169604e-06
1008,0.27218426784383,0.7070707082748413,1.6104680422747862e-06
1009,0.2672718251472759,1.0535638332366943,1.5098137896326121e-06
1010,0.2632686940445552,1.0596582889556885,1.409159536990438e-06
1011,0.023033009365192925,0.24884144961833954,1.308505284348264e-06
1012,0.12450609044637417,0.9504446983337402,1.2078510317060897e-06
1013,0.48722261663743893,1.6045868396759033,1.1071967790639157e-06
1014,0.2203726582099108,1.1170880794525146,1.0065425264217414e-06
1015,0.17318893491488296,0.699661910533905,9.058882737795673e-07
1016,0.12188445730663489,0.5777270197868347,8.052340211373931e-07
1017,0.09686752253764297,0.41985392570495605,7.04579768495219e-07
1018,0.21493874421850023,0.794117271900177,6.039255158530448e-07
1019,0.3130253185244669,1.036922812461853,5.032712632108707e-07
1020,0.31425485326070657,0.7977719306945801,4.0261701056869654e-07
1021,0.03217459904240627,0.2801870107650757,3.019627579265224e-07
1022,0.20697091912150611,0.6440498232841492,2.0130850528434827e-07
1023,0.0358165968390054,0.40725982189178467,1.0065425264217413e-07
1024,0.19583262703260967,0.11689643561840057,0.0
