split,project,commits,positives,positive_rate
train,ant-ivy,1062,199,0.1873822975517891
train,commons-bcel,495,36,0.07272727272727272
train,commons-beanutils,366,22,0.060109289617486336
train,commons-codec,456,21,0.046052631578947366
train,commons-collections,1093,30,0.027447392497712716
train,commons-compress,977,106,0.10849539406345957
train,commons-configuration,1102,93,0.08439201451905626
train,commons-dbcp,621,34,0.05475040257648953
train,commons-digester,647,11,0.017001545595054096
train,commons-io,684,43,0.06286549707602339
train,commons-jcs,497,52,0.10462776659959759
train,commons-lang,1780,87,0.04887640449438202
train,commons-math,2415,201,0.08322981366459627
train,commons-net,672,70,0.10416666666666667
train,commons-scxml,326,28,0.08588957055214724
train,commons-validator,358,21,0.05865921787709497
train,commons-vfs,665,68,0.10225563909774436
train,giraph,505,97,0.19207920792079208
train,gora,331,23,0.06948640483383686
train,opennlp,651,54,0.08294930875576037
train,parquet-mr,671,94,0.14008941877794337
valid,ant-ivy,354,66,0.1864406779661017
valid,commons-bcel,165,12,0.07272727272727272
valid,commons-beanutils,122,7,0.05737704918032787
valid,commons-codec,152,7,0.046052631578947366
valid,commons-collections,365,10,0.0273972602739726
valid,commons-compress,326,36,0.11042944785276074
valid,commons-configuration,368,31,0.08423913043478261
valid,commons-dbcp,208,12,0.057692307692307696
valid,commons-digester,216,4,0.018518518518518517
valid,commons-io,229,15,0.06550218340611354
valid,commons-jcs,167,18,0.10778443113772455
valid,commons-lang,594,29,0.04882154882154882
valid,commons-math,805,67,0.08322981366459627
valid,commons-net,224,23,0.10267857142857142
valid,commons-scxml,108,9,0.08333333333333333
valid,commons-validator,119,7,0.058823529411764705
valid,commons-vfs,222,23,0.1036036036036036
valid,giraph,169,33,0.1952662721893491
valid,gora,111,8,0.07207207207207207
valid,opennlp,217,18,0.08294930875576037
valid,parquet-mr,224,32,0.14285714285714285
test,ant-ivy,355,67,0.18873239436619718
test,commons-bcel,165,12,0.07272727272727272
test,commons-beanutils,123,8,0.06504065040650407
test,commons-codec,153,8,0.05228758169934641
test,commons-collections,365,10,0.0273972602739726
test,commons-compress,327,36,0.11009174311926606
test,commons-configuration,368,31,0.08423913043478261
test,commons-dbcp,208,12,0.057692307692307696
test,commons-digester,216,4,0.018518518518518517
test,commons-io,229,15,0.06550218340611354
test,commons-jcs,167,18,0.10778443113772455
test,commons-lang,595,30,0.05042016806722689
test,commons-math,806,67,0.08312655086848635
test,commons-net,225,24,0.10666666666666667
test,commons-scxml,110,10,0.09090909090909091
test,commons-validator,121,8,0.06611570247933884
test,commons-vfs,223,23,0.1031390134529148
test,giraph,170,33,0.19411764705882353
test,gora,111,8,0.07207207207207207
test,opennlp,218,19,0.0871559633027523
test,parquet-mr,225,32,0.14222222222222222
