dataset_project_name,canonical_repository_url,evidence_for_mapping,repository_host,default_branch,current_remote_HEAD,mapping_status,notes
ant-ivy,https://github.com/apache/ant-ivy.git,Apache project name convention + commit object presence checks; LLTC4J/JIT-Fine Java OSS projects,github.com/apache,HEAD,e82f1882b1fdc580fc1c5dcd0935115ad963a747,STRONGLY_CORROBORATED,Historical commit hashes are scientific objects; HEAD not frozen as input
commons-bcel,https://github.com/apache/commons-bcel.git,Apache project name convention + commit object presence checks; LLTC4J/JIT-Fine Java OSS projects,github.com/apache,HEAD,3d91792575685aacbba6ab9cdd2ec0fc632e7ebb,STRONGLY_CORROBORATED,Historical commit hashes are scientific objects; HEAD not frozen as input
commons-beanutils,https://github.com/apache/commons-beanutils.git,Apache project name convention + commit object presence checks; LLTC4J/JIT-Fine Java OSS projects,github.com/apache,HEAD,389264ff96c9e361ecb830a9813eae3f86f38d3a,STRONGLY_CORROBORATED,Historical commit hashes are scientific objects; HEAD not frozen as input
commons-codec,https://github.com/apache/commons-codec.git,Apache project name convention + commit object presence checks; LLTC4J/JIT-Fine Java OSS projects,github.com/apache,HEAD,5444a15a34dada7b6d92f6f96c58bef74cee2817,STRONGLY_CORROBORATED,Historical commit hashes are scientific objects; HEAD not frozen as input
commons-collections,https://github.com/apache/commons-collections.git,Apache project name convention + commit object presence checks; LLTC4J/JIT-Fine Java OSS projects,github.com/apache,HEAD,c71d621909dc616d5709e5d3b703392d0786224b,STRONGLY_CORROBORATED,Historical commit hashes are scientific objects; HEAD not frozen as input
commons-compress,https://github.com/apache/commons-compress.git,Apache project name convention + commit object presence checks; LLTC4J/JIT-Fine Java OSS projects,github.com/apache,HEAD,f4eea9e5cf73e38cf352c0d5f85376e5bbb630b9,STRONGLY_CORROBORATED,Historical commit hashes are scientific objects; HEAD not frozen as input
commons-configuration,https://github.com/apache/commons-configuration.git,Apache project name convention + commit object presence checks; LLTC4J/JIT-Fine Java OSS projects,github.com/apache,HEAD,ac5ced82fd26fbbca85edd9353cf792407e4ab2a,STRONGLY_CORROBORATED,Historical commit hashes are scientific objects; HEAD not frozen as input
commons-dbcp,https://github.com/apache/commons-dbcp.git,Apache project name convention + commit object presence checks; LLTC4J/JIT-Fine Java OSS projects,github.com/apache,HEAD,e68acfc5eee074b6b78908199c03715726fbd37d,STRONGLY_CORROBORATED,Historical commit hashes are scientific objects; HEAD not frozen as input
commons-digester,https://github.com/apache/commons-digester.git,Apache project name convention + commit object presence checks; LLTC4J/JIT-Fine Java OSS projects,github.com/apache,HEAD,0e6d183e1edba72b5d78208307c82f71bfdfb7ad,STRONGLY_CORROBORATED,Historical commit hashes are scientific objects; HEAD not frozen as input
commons-io,https://github.com/apache/commons-io.git,Apache project name convention + commit object presence checks; LLTC4J/JIT-Fine Java OSS projects,github.com/apache,HEAD,f4fc54a131914203784c7c816817689feed22679,STRONGLY_CORROBORATED,Historical commit hashes are scientific objects; HEAD not frozen as input
commons-jcs,https://github.com/apache/commons-jcs.git,Apache project name convention + commit object presence checks; LLTC4J/JIT-Fine Java OSS projects,github.com/apache,HEAD,58be5e053da99aabf174f2d90234491a97a30ce6,STRONGLY_CORROBORATED,Historical commit hashes are scientific objects; HEAD not frozen as input
commons-lang,https://github.com/apache/commons-lang.git,Apache project name convention + commit object presence checks; LLTC4J/JIT-Fine Java OSS projects,github.com/apache,HEAD,7b6048b7a9d1339a12d353cb85b2222df7bf5668,STRONGLY_CORROBORATED,Historical commit hashes are scientific objects; HEAD not frozen as input
commons-math,https://github.com/apache/commons-math.git,Apache project name convention + commit object presence checks; LLTC4J/JIT-Fine Java OSS projects,github.com/apache,HEAD,a3869a44854b2bad7e0d654566a1efaf067f52ee,STRONGLY_CORROBORATED,Historical commit hashes are scientific objects; HEAD not frozen as input
commons-net,https://github.com/apache/commons-net.git,Apache project name convention + commit object presence checks; LLTC4J/JIT-Fine Java OSS projects,github.com/apache,HEAD,10d17795f5a5a5d8c6c2f59ec0d0f401106c3227,STRONGLY_CORROBORATED,Historical commit hashes are scientific objects; HEAD not frozen as input
commons-scxml,https://github.com/apache/commons-scxml.git,Apache project name convention + commit object presence checks; LLTC4J/JIT-Fine Java OSS projects,github.com/apache,HEAD,ae7939eb68a987b1122a63cecfb368ff8f047ece,STRONGLY_CORROBORATED,Historical commit hashes are scientific objects; HEAD not frozen as input
commons-validator,https://github.com/apache/commons-validator.git,Apache project name convention + commit object presence checks; LLTC4J/JIT-Fine Java OSS projects,github.com/apache,HEAD,dfd343681ef89350a34596f94964f6291bc50bfa,STRONGLY_CORROBORATED,Historical commit hashes are scientific objects; HEAD not frozen as input
commons-vfs,https://github.com/apache/commons-vfs.git,Apache project name convention + commit object presence checks; LLTC4J/JIT-Fine Java OSS projects,github.com/apache,HEAD,c9f7a43a2d72d7981f4084e6dbc4c420a776d978,STRONGLY_CORROBORATED,Historical commit hashes are scientific objects; HEAD not frozen as input
giraph,https://github.com/apache/giraph.git,Apache project name convention + commit object presence checks; LLTC4J/JIT-Fine Java OSS projects,github.com/apache,HEAD,14a74297378dc1584efbb698054f0e8bff4f90bc,STRONGLY_CORROBORATED,Historical commit hashes are scientific objects; HEAD not frozen as input
gora,https://github.com/apache/gora.git,Apache project name convention + commit object presence checks; LLTC4J/JIT-Fine Java OSS projects,github.com/apache,HEAD,cc01c182e9fbf839ac79f66142cf9cbd9f1596c5,STRONGLY_CORROBORATED,Historical commit hashes are scientific objects; HEAD not frozen as input
opennlp,https://github.com/apache/opennlp.git,Apache project name convention + commit object presence checks; LLTC4J/JIT-Fine Java OSS projects,github.com/apache,HEAD,318e632a75c8f0b576fab2fef5ee4300326616a8,STRONGLY_CORROBORATED,Historical commit hashes are scientific objects; HEAD not frozen as input
parquet-mr,https://github.com/apache/parquet-mr.git,Apache project name convention + commit object presence checks; LLTC4J/JIT-Fine Java OSS projects,github.com/apache,HEAD,4b37c193e2f796d553a20cc57ec9835ceaa1c95c,STRONGLY_CORROBORATED,Historical commit hashes are scientific objects; HEAD not frozen as input
