project,commits,incomplete_commits,candidate_rows,mapped_rows,pos_mapped,neg_mapped
ant-ivy,67,10,1641,1616,262,1354
commons-bcel,12,1,143,141,73,68
commons-beanutils,8,1,144,143,12,131
commons-codec,8,3,393,387,25,362
commons-collections,10,1,1075,1074,79,995
commons-compress,36,0,685,685,167,518
commons-configuration,31,2,1417,1410,102,1308
commons-dbcp,12,0,382,382,23,359
commons-digester,4,0,120,120,36,84
commons-io,15,6,249,240,28,212
commons-jcs,18,2,640,638,42,596
commons-lang,30,2,758,755,100,655
commons-math,67,15,2425,2404,479,1925
commons-net,24,6,233,219,47,172
commons-scxml,10,1,664,663,30,633
commons-validator,8,5,119,110,19,91
commons-vfs,23,1,971,970,94,876
giraph,33,3,2681,2672,166,2506
gora,8,1,625,623,36,587
opennlp,19,3,562,558,65,493
parquet-mr,32,9,2688,2657,174,2483
